Andhra Pradesh,,,,
1,Srikakulam,111382,17584,62902
2,Vizianagaram,91598,6116,68723
3,Visakhapatnam,89454,12541,63470
4,East Godavari,153953,14482,106654
5,West Godavari,154366,10080,85823
6,Krishna,136296,9539,82026
7,Guntur,147544.1843,14685,100727
8,Prakasam,155996.3639,9677,100062
9,Nellore,256729,9535,172725
10,Chittoor,164882,18817,47341
11,Kadapa,99258,9456,27016
12,Anantapur,149537,18684,34765
13,Kurnool,137065,13214,68736
Arunachal Pradesh,,,,
1,Tirap,8327.17,57,8267.37
2,Changlang,24941.57,204,24712.07
3,Lohit,175677,1081,174590.7
4,Anjaw,0,0,0
5,Dibang valley,0,0,0
6,Lower Dibang Valley,85818,161,85623.5
7,East Siang,67746.17,366,67309.57
8,West Siang,5601.06,10,5591.06
9,Upper Siang,0,0,0
10,East Kameng,14755,14,14726
11,West Kameng,1575.52,7,1568.52
12,Lower Subansiri,2308.1,12,2291.1
13,Upper Subansiri,300.1,0,300.1
14,Papum Pare,11932.04,110,11764.54
15,Tawang,0,0,0
16,Kurung Kumey,0,0,0
Assam,,,,
1,Baksa,125480,2352,113831
2,Barpeta,164375,4807,126176
3,Bongaigaon,100843,2029,63683
4,Cachar,81419,4847,76329
5,Chirang,117656,1189,110885
6,Darrang,83605,2512,57168
7,Dhemaji,193835,1924,183991
8,Dhubri,100625,5764,57093
9,Dibrugarh,158628,3313,147583
10,Dima Hasao,3161,544,2618
11,Goalpara,109002,2637,110400
12,Golaghat,123497,2918,56558
13,Hailakandi,22179,1873,20306
14,Jorhat,122103,2620,115039
15,Kamrup,117522,3982,78263
16,Kamrup Metro,20248,3461,16787
17,Karbi Anglong,45651,2640,39550
18,Karimganj,41978,3425,38553
19,Kokrajhar,222910,2013,209934
20,Lakhimpur,106845,2783,89070
21,Morigaon,62166,2794,43265
22,Nagaon,152248,8100,101576
23,Nalbari,44982,1914,24265
24,Sibsagar,99472,2767,93702
25,Sonitpur,212519,5053,191248
26,Tinsukia,197537,3400,179929
27,Udalguri,59080,2014,52369
Bihar,,,,
1,Araria,79574.56,1646,61402.16
2,Arwal,22690.72,448,13427.82
3,Aurangabad,100133.66,1488,81678.96
4,Banka,52083.19,1199,39155.39
5,Begusarai,65072.48,1743,35379.28
6,Bhabhua,74651.95,956,51706.55
7,Bhagalpur,72403.43,1426,53769.73
8,Bhojpur,84405.44,1602,47629.84
9,Buxar,73031.23,1001,42748.43
10,Darbhanga,62189.62,2308,37167.02
11,East Champaran,131610.91,2991,80998.51
12,Gaya,111356.12,2519,53534.32
13,Gopalganj,71883.13,1503,31642.03
14,Jamui,43947.73,1034,35902.13
15,Jehanabad,35219.07,661,13343.87
16,Katihar,99829.87,1800,45784.57
17,Khagaria,54792.68,975,37871.88
18,Kishanganj,70725.47,991,53571.97
19,Lakhisarai,27769.55,535,17955.75
20,Madhepura,62252.14,1177,32397.14
21,Madhubani,112947.56,2631,73245.66
22,Munger,37367.06,808,27422.46
23,Muzaffarpur,104989.72,2811,50758.72
24,Nalanda,67248.04,1691,26161.34
25,Nawada,56870.07,1066,32932.52
26,Patna,104259.45,3419,64218.35
27,Purnia,115200.34,1914,64330.43
28,Rohtas,111651.32,1741,89951.02
29,Saharsa,59057.44,1115,44760.04
30,Samastipur,115793.8,2499,60684.7
31,Saran,86538.16,2316,36511.06
32,Sheihkpura,18789.8,375,12054.8
33,Sheohar,16459.2,385,9774.8
34,Sitamarhi,66344.01,2008,43840.01
35,Siwan,84841.68,1954,43514.28
36,Supaul,85604.64,1306,62250.44
37,Vaishali,69471.7,2049,35102.11
38,West Champaran,139614.88,2306,107498.08
Chhattisgarh,,,,
1,Balod,28857.3,2445.88,11462.82
2,Baloda Bazar,48285.59,2996.85,29080.57
3,Balrampur,58842.91,2190.22,46441.82
4,Bastar,45048.11,2541.77,38631.25
5,Bemetara,35249.12,1696.86,9925.22
6,Bijapur,76621.76,688.18,75124.65
7,Bilaspur,41102.44,4681.47,20898.31
8,Dantewara,19055.64,765.93,17029.96
9,Dhamtari,46061.57,3130.64,9545.85
10,Durg,26364.13,4825.31,4304.68
11,Gariaband,29436.65,1876.91,14850.24
12,Janjgir-Champa,37359.34,4218.96,21139.28
13,Jashpur,47219.17,2258.36,30130.96
14,Kanker,85558.03,2165.72,62689.77
15,Kawardha,45092.73,2161.27,20061.57
16,Kondagaon,49676.64,1814.55,42110.5
17,Korba,46651.17,4676.56,31475.33
18,Koriya,50591.32,2913.54,37804.91
19,Mahasamund,61743.05,4716.97,27495.98
20,Mungeli,20878.65,1646.13,9042.12
21,Narayanpur,25958.29,620.94,24954.15
22,Raigarh,40095.65,4548.32,17799.26
23,Raipur,37245.61,6950.76,15393.34
24,Rajnandgaon,52148.9,3976.66,20494.26
25,Sukma,30864.91,622.77,29384.28
26,Surajpur,59351.8,2399.84,39011.47
27,Surguja,44543.69,2757.41,31869.58
Delhi,,,,
1,Darya Ganj,298.17,217.18,40.29
2,Karol Bagh,38.23,49.79,0
3,Pahar Ganj,83.33,74.01,9.32
4,Gandhi Nagar,344.39,150.72,97.63
5,Preet Vihar,986.18,813.43,0
6,Vivek Vihar,223.42,403.68,0
7,Chanakay Puri,368.44,153.39,0
8,Connaught Place,180,198.78,0
9,Parliament Street,126.52,88.47,16.69
10,Civil Lines,1051.09,784.37,181.17
11,Kotwali,103.7,45.48,5.38
12,Sadar Bazar,60.72,46.09,14.63
13,Seelam Pur,869.63,587.81,0
14,Seema Puri,114.25,195.31,0
15,Shahdra,64.79,115.44,0
16,Model Town,895.32,868.72,0
17,Narela,5619.74,2951,696.06
18,Saraswati Vihar,2539.54,1173.65,127.13
19,Defence Colony,731.52,422.99,9.11
20,Hauz Khas,1777.18,4152.01,0
21,Kalkaji,1162.33,2092.74,0
22,Delhi Cantonment,1102.8,945.21,0
23,Najafgarh,7347.27,1203.57,356.66
24,Vasant Vihar,1107.37,2668.11,0
25,Patel Nagar,1663.06,2959.71,0
26,Panjabi Bagh,1469.09,929.17,158.95
27,Rajouri Garden,319.6,722.37,0
Goa,,,,
1,North Goa,8818,2197,5028
2,South Goa,5807,1706,3547
Gujarat ,,,,
1,Ahmedabad,55258.4,9597,10592
2,Amreli,94796.8,3532,31711.45
3,Anand,77708.48,6875,33642.28
4,Banaskantha,114273.13,7638,6622.84
5,Bharuch,44342.94,2978,23003.24
6,Bhavnagar,107751.85,7561,35455.55
7,Dang,6371.89,758,4172.39
8,Dohad,36862.09,5547,17974.49
9,Gandhinagar,41414.79,3753,0
10,Jamnagar,94841.14,6033,31051.64
11,Junagadh,138618.3,9203,44506.7
12,Kachchh,82396.68,5694,14989.28
13,Kheda,73664.47,7862,28634.37
14,Mahesana,95072.91,6476,196.02
15,Narmada,23073.5,2085,16575.9
16,Navsari,38767.51,3117,20896.91
17,Panchmahals,81922.98,7007,50266.98
18,Patan,26954.46,2495,0
19,Porbandar,19812.59,1618,4484.29
20,Rajkot,153600.33,10416,47673.23
21,Sabarkantha,132060.82,7738,36008.62
22,Surat,158030.47,8286,104021.97
23,Surendranagar,75437.99,3936,29313.99
24,Tapi,44643.44,1793,18750.53
25,Vadodara,121645.89,10566,46484.29
26,Valsad,39423,3165,19917
Haryana,,,,
1,Ambala,56306,4875,1675
2,Panchkula,14553,377,5314
3,Fatehabad,63229,414,-52943
4,Bhiwani,62121,2413.7,-43690
5,Hissar,70178,610,-8422
6,Gurgaon,23827,2100,-6335
7,Mewat,21814,2092,4705
8,Faridabad,17141,1228,1136
9,Palwal,46124,1494,-1465
10,Jhajjar,42462,221,7239
11,Jind,102178,3123,-12093
12,Kaithal,53507,8238,-68845
13,Karnal,71946,1755,-15120
14,Kurukshetra,51699,11093,-94516
15,Mahendragarh,25630,2596,1427
16,Panipat,33281,794,-20860
17,Rewari,30962,2068,1719
18,Rohtak,47795,1283,13227
19,Sirsa,63678,849,-47922
20,Sonepat,80195,2169,-8474
21,Yamunanagar,51040,6554,-14161
Himachal Pradesh,,,,
1,Indaura,10892.94,647.17,4942.65
2,Nurpur,11958.75,976.44,9505.56
3,Balh,2605.08,933.85,1557.34
4,Paonta,6219.27,1239.38,4691.1
5,Kala Amb,82.01,42.48,-8.05
6,Nalagarh,8189.74,1916.03,4661.07
7,Una,12844.41,1290.67,4503.63
8,Hum,597.45,164.32,-33.01
Jammu and Kashmir,,,,
1,Jammu,89389.24,9398.36,67897.88
2,Samba,20865.11,2175.6,17789.51
3,Kathua,45691.77,4597.19,35625.58
4,Srinagar,12352.63,9761.26,2327.37
5,Ganderbal,15972.96,3505.69,12231.77
6,Anantnag,40522.62,13460.778,27027.34
7,Kulgam,18384.43,2192.536,16157.4
8,Baramulla,51758.42,7996.1,43397.82
9,Bandipora,11740.64,2581.2,9123.44
10,Badgam,32481.82,6302.07,26118.25
11,Pulwama,32101.114,5390.95,26680.16
12,Shopian,19578.8,2299,17258.8
13,Kupwara,26407.75,9562.16,16821.59
14,Udhampur,10686.79,4199.4,6479.89
15,Reasi,5577.19,2810.76,2758.93
16,Ramban,5666.63,2873.86,2792.77
17,Rajouri,9999.71,5694.216,4069.99
18,Kishtwar,6526.18,1756.21,4769.97
19,Poonch,11158.77,4364.34,6789.92
20,Doda,8468.88,3672.09,4790.79
21,Kargil,3241.55,1064.99,2176.56
22,Leh,3449.55,1258.97,2184.59
Jharkhand,,,,
1,Bokaro,24718.48,1155,21182.98
2,Chatra,30384.12,620,22300.62
3,Deoghar,20666.59,767,17472.97
4,Dhanbad,19970.38,926,17278.88
5,Dumka,30154.32,781,21679.57
6,East Singhbhum,29583.1,864,27026.35
7,Garhwa,28938.33,786,26500.95
8,Giridih,42331.85,1447,38194.98
9,Godda,22973.74,785,20717.49
10,Gumla,47367.71,608,42156.21
11,Hazaribagh,34224.78,994,32345.41
12,Jamtara,10727.74,449,8165.99
13,Khunti,15861.94,309,12753.19
14,Koderma,8935.96,376,7087.34
15,Latehar,22328.11,438,19493.61
16,Lohardaga,18277.09,254,16786.09
17,Pakur,13104.97,531,11264.47
18,Palamau,33134.08,1116,27309.58
19,Ramgarh,10661.81,543,8992.06
20,Ranchi,40314.22,1135,33151.84
21,Sahebganj,23592.49,647,21424.49
22,Saraikela - Kharsawan,12351.41,547,11051.41
23,Simdega,29324.02,347,26912.52
24,West Singhbhum,29224.74,860,27814.24
Karnataka,,,,
1,Bagalkote,40614,4966,7175
2,Bangalore Rural,18924,2250,0
3,Bangalore Urban,12568,6381,0
4,Belgaum,103143,10549,21655
5,Bellary,66305,6410,35378
6,Bidar,29137,3021,10070
7,Bijapur,47960,8336,8378
8,Chamrajnagara,37168,2915,10857
9,Chikballapur,29614,1501,250
10,Chikmagalur,55301,3490,29501
11,Chitradurga,50067,4628,2641
12,Dakshin Kannada,32995,4215,8977
13,Davangere,56716,5007,8553
14,Dharwad,23832,4649,7096
15,Gadag,24994,2741,3198
16,Gulbarga,63896,7650,39213
17,Hassan,72768,3915,30560
18,Haveri,52072,4816,15435
19,Kodagu,25623,1889,18174
20,Kolar,32746,3438,0
21,Koppal,54513,4131,28325
22,Mandya,94004,4316,46407
23,Mysore,58410,6250,28623
24,Raichur,83027,5111,54220
25,Ramanagara,23168,6377,464
26,Shimoga,90903,5877,61230
27,Tumkur,81606,6660,11414
28,Udupi,33761,3874,20048
29,Uttar kannada,52516,10920,24389
30,Yadgir,34949,2841,22876
Kerala,,,,
1,Alappuzha,43161,9453,29815
2,Ernakulam,53872,13638,32533
3,Idukki,20043,4046,10481
4,Kannur,46901,10999,27889
5,Kasargod,33442,7180,9865
6,Kollam,36455,12893,18567
7,Kottayam,40774,9155,26769
8,Kozhikode,33144,14590,14144
9,Malappuram,51687,23886,18241
10,Palakkad,63783,14112,27899
11,Pathanamthitta,27273,5433,18193
12,Trivandrum,29624,12888,11445
13,Thrissur,58175,12938,24766
14,Wayanad,28096,3777,22743
Madhya Pradesh,,,,
1,Alirajpur,20390.48,5824,9816.2
2,Agar,44637.95,1790.1,5539.67
3,Anupur,37522.79,2700.4,33700.05
4,Ashoknagar,41656.18,2584,19529.83
5,Balaghat,93111.62,4145,78106.46
6,Barwani,42090.73,4714.6,6261.07
7,Bhind,62810.34,8094,30992.78
8,Bhopal,37590.98,3512.71,9189.24
9,Betul,114925.94,4914,47014.84
10,Burhanpur,32353.3,1562,6330.68
11,Chhatarpur,79507.11,4618.01,28062.97
12,Chhindwara,126695.78,7279,52813.45
13,Damoh,39203.73,3254.51,13175.82
14,Datia,35924.97,1954,18608.29
15,Dewas,84331.18,4955.03,11498.5
16,Dhar,104071.83,10632.42,14117.3
17,Dindori,42673.03,1715,39607.74
18,Guna,76618.32,3498.81,34427.32
19,Gwalior,55856.32,6090.31,29954.13
20,Harda,53686.94,1329,38202.1
21,Hoshangabad,208322.24,4349,164730.37
22,Indore,58723.08,4501.77,-10943.2
23,Jabalpur,60202.14,5198,29014.3
24,Jhabua,23575.96,5689.44,8885.88
25,Katni,39823.22,4528,21685.25
26,Khargone,71614.13,5923.44,16864.2
27,Khandwa,78595.73,4976,24929.29
28,Mandla,57946.95,3359.61,48496.65
29,Mandsaur,57113.17,3352.55,-382.17
30,Morena,61599.14,9549.51,32440.02
31,Neemuch,41063.32,1973,6513.87
32,Narsinghpur,125309.14,3066.08,40815.88
33,Panna,54457.5,3536,37595.28
34,Raisen,89737.92,4412,47777.67
35,Rajgarh,93762.49,4811.23,17421.74
36,Ratlam,77150.43,3268.51,-21774.98
37,Rewa,61859.31,6205,29456.76
38,Satna,61380.81,6459.35,15256.89
39,Sagar,121288.16,8255,42435.62
40,Sehore,82246.3,5787,25459.73
41,Seoni,77867.74,9115.39,48311.98
42,Shahdol,64267.48,5283,56563.56
43,Shajapur,58833.27,2336.24,-1214.4
44,Sheopur,42063.62,1781,26267.5
45,Shivpuri,74286.75,4617.56,21327.95
46,Sidhi,32667.14,3576,21911.02
47,Singrauli,35237.21,4170.79,22338.13
48,Tikamgarh,52172.21,6032.89,10910.81
49,Umaria,46214.16,4024.6,38323.27
50,Ujjain,96266.63,3805.04,5266.52
51,Vidisha,84577.13,5648.52,32574.75
Maharashtra,,,,
1,Ahmednagar,178493.77,8745.35,43606.01
2,Akola,40427.98,2819.79,21461.3
3,Amravati,96524.34,5121,30229.26
4,Aurangabad,106219.76,6426.51,23275.18
5,Beed,130227.75,9792.92,54980.88
6,Bhandara,52798.27,6296.92,26941.69
7,Buldhana,94448.21,6841.92,24555.48
8,Chandrapur,106798.86,16664.04,79733.46
9,Dhule,70488.53,3520.35,32000.7
10,Gadchiroli,88482.71,6261.48,61667.74
11,Gondia,62015.47,11920.06,37794.15
12,Hingoli,89869.73,4125.04,49493.51
13,Jalgaon,139554.81,8671.06,32554.95
14,Jalna,84464.07,2721.5,37971.87
15,Kolhapur,124896.1,2872.08,73365.13
16,Latur,67982.1,4085.7,14980.57
17,Nagpur,110033.65,11699.78,42551.92
18,Nanded,133884.3,6618.94,92539.96
19,Nandurbar,50276.81,6171.95,21699.26
20,Nashik,191447.02,6525.52,82424.97
21,Osmanabad,92213.34,4447.04,33226.98
22,Parbhani,82315.21,4009.9,42891.39
23,Pune,174009.35,14444.4,44233.51
24,Raigad,39801.94,4188.16,31418.63
25,Ratnagiri,46211.53,2497.02,39520.33
26,Sangli,95418.1,5105.76,20936.96
27,Satara,99251.6,9820.46,17760.32
28,Sindhudurg,26088.87,3926.61,15800.27
29,Solapur,158365.12,9039.12,39516.89
30,Thane,41098.86,3032.03,30595.72
31,Wardha,82824.73,7511.15,38006.89
32,Washim,57053.46,3230.76,33649.13
33,Yeotmal,133742.51,11505.07,100683.44
Manipur,,,,
1,Imphal West-I Block,4629.67,404.33,4132.03
2,Imphal West-II Block,4025.32,942.37,3070.91
3,Imphal East-I Block,3851.83,902.84,2942.97
4,Imphal East-II Block,7685.13,282.99,7375.05
5,Thoubal Block,5517.12,745.34,4738.67
6,Kakching Block,3366.87,352.23,2957.45
7,Bishnupur Block,4549.28,480.09,4036.08
8,Moirang Block,3561.54,293.1,3244.36
9,Khuga catchment/ Khuga Valley *,5451.06,452.73,4923.08
Meghalaya,,,,
1,East Khasi Hills,31343,6040,25303
2,West Khasi Hills,24177,1835,22342
3,South West Khasi Hills,14333,1835,12498
4,East Jaintia Hills,43879,742,43137
5,West Jaintia Hills,31105,1697,29403
6,Ri-Bhoi,12066,1912,10154
7,East Garo Hills,10397,980,9417
8,North Garo Hills,17398,929,16319
9,West Garo Hills,76302,3053,72949
10,South West Garo Hills,21736,813,20573
11,South Garo Hills,14748,897,13851
Mizoram,,,,
1,Aizawl ,451.27,56.16,395.11
2,Champhai ,797.44,32.92,764.52
3,Kolasib ,472.98,22.1,450.88
4,Lawngtalai ,623.39,31.61,591.76
5,Lunglei,301.14,40.24,260.9
6,Mamit ,367.5,23.17,344.33
7,Saiha,285.71,14.87,270.84
8,Serchipp,248.62,17.1,231.52
Nagaland,,,,
1,Kohima,15093,134.59,14959.41
2,Dimapur,10490,723.06,9766.94
3,Phek,22416,61.14,22354.86
4,Mokokchung,16820,38.04,16780.96
5,Zunheboto,12625,33.4,12591.6
6,Wokha,17147,52.57,17094.43
7,Tuenchung,28247,66.27,28180.73
8,Mon,19051,66.95,18984.05
9,Peren,17384,25.47,17358.53
10,Kiphire,11093,19.8,11073.2
11,Longleng,4470,13.51,4456.49
Orissa,,,,
1,Angul,46077,4786,28357
2,Balasore,110063,10072,47435
3,Bargarh,46054,4097,32250
4,Bhadrak,45409,3612,17276
5,Bolangir,57656,3464,42909
6,Boudh,27839,1460,21141
7,Cuttack,70716,8143,40648
8,Deogarh,20629,1020,16493
9,Dhenkanal,44264,3558,30809
10,Gajapati,22670,1302,15599
11,Ganjam,114541,9836,74677
12,Jagatsinghpur,45029,2563,20653
13,Jajpur,56933,3181,27624
14,Jharsuguda,16791,1830,10977
15,Kalahandi,74911,9644,53218
16,Kandhamal,70266,2580,58982
17,Kendrapara,16781,830,6804
18,Keonjhar,81323,6407,54286
19,Khurda,47618,8317,28015
20,Koraput,69117,3928,59872
21,Malkangiri,33598,1860,28893
22,Mayurbhanj,148194,8989,98454
23,Nabarangapur,50306,6815,38045
24,Nayagarh,42682,2854,30604
25,Nuapada,33686,3262,24113
26,Puri,58806,5170,43387
27,Rayagada,65681,3332,53540
28,Sambalpur,52520,3403,41917
29,Subarnapur,21429,1843,16143
30,Sundergarh,77325,6542,56628
Punjab,,,,
1,Amritsar,175354,7888,-47391
2,Barnala,61518,1758,-58117
3,Bathinda,144175,4467,9453
4,Faridkot,61453,3730,-37157
5,Fatehgarh Sahib,58737,2412,-53670
6,Fazilka,93323,3882,3722
7,Ferozepur,137499,2588,-61481
8,Gurdaspur,164473,5301,-39799
9,Hoshiarpur,91106,4966,301
10,Jalandhar,130410,9404,-143499
11,Kapurthala,74664,4183,-78511
12,Ludhiana,212674,13512,-134069
13,Mansa,103420,13,-39791
14,Moga,116570,2360,-125299
15,Muktsar,76125,2460,22604
16,Nawanshahr,67033,1612,-4570
17,Patiala,153108,6381,-138803
18,Pathankot,31959,2173,11288
19,Ropar,42073,2752,-4365
20,Mohali,28963,6735,-1095
21,Sangrur,173517,4795,-194037
22,Tarn Taran,141020,3736,-48381
Rajasthan,,,,
1,Ajmer,32066.15,4780.69,0
2,Alwar,85503.86,12082.26,50.35
3,Banswara,23657.97,2424.15,11695.83
4,Baran,50554.58,8983.58,5470.07
5,Barmer,25203.44,6529.73,2160.73
6,Bharatpur,45700.5,7838,880.95
7,Bhilwara,43030.29,2896.95,3.64
8,Bikaner,24210.11,8774.35,4508.77
9,Bundi,34932.67,3790.1,4939.32
10,Chittaurgarh,34385.21,5035.95,0
11,Churu,13473.1,5779.65,3046.77
12,Dausa,25433.59,2906.12,0
13,Dhaulpur,27532.04,3577.71,1751.59
14,Dungarpur,13332.77,3575.29,1637.16
15,Ganganagar,36371.34,1485.75,19512.59
16,Hanumangarh,16433.45,1123.51,1954.05
17,Jaipur,65078.82,37904.13,502.88
18,Jaisalmer,6362,2561.01,2393.45
19,Jalor,42644.71,4288.38,1150.76
20,Jhalawar,54680.67,2643.15,3328.69
21,Jhunjhunun,25076.26,9289.82,322.65
22,Jodhpur,39552.29,13192.7,5109.17
23,Karauli,32408.36,5337.46,857.82
24,Kota,52225.66,9099.44,6706.06
25,Nagaur,51915.53,19588.62,4137.78
26,Pali,29461.85,3550.27,1392.72
27,Pratapgarh,15553.23,2824.25,851.68
28,Rajsamand,11187.19,3641.6,69.61
29,Sawai Madhopur,37885.32,8182.55,358.75
30,Sikar,29703.77,9332.85,856.04
31,Sirohi,27518.3,1411.88,1163.48
32,Tonk,44241.15,9246.55,2565.7
33,Udaipur,28360.8,7839.28,932.33
Tamil Nadu,,,,
1,Ariyalur,35251.72,2416.32,19570.93
2,Chennai,1496.9,4783.4,-3286.49
3,Coimbatore,44950.83,5695.72,1479.94
4,Cuddalore,128495.06,34550.88,42177.87
5,Dharmapuri,36669.66,2163.03,-10755.81
6,Dindigul ,58016.67,2978.07,-5063.718677
7,Erode ,67024.26,6446.14,2939.82
8,Kancheepuram,105447.62,7056.19,34985.43
9,Kanniyakumari,23958.611,1498.7,19266.92533
10,Karur,31327.18,2184.21,777.09
11,Krishnagiri,35425.08,2455.17,-5361.39
12,Madurai,63797.96,4777.33,19980.32
13,Nagapattinam,16544.12,1139.7,-313.88
14,Namakkal,36411.04,2394.94,-9856.52
15,Nilgiris,13063.02,599.48,11861.53
16,Perambalur,21510.24,1256.82,-4828.41
17,Pudukkottai,98591.79,2465.3,60034.39
18,Ramanathapuram,51962.52,1671.89,44359.59
19,Salem,54609.38,5303.45,-9409.12
20,Sivagangai,90618.63,1684.34,71163.05
21,Thanjavur,74652.08,2888.96,-1689.54
22,Theni,38685.27,898.45,8445.72
23,Thirunelveli,90839.84,2390.86,31468.72
24,Thiruvallur,70462.05,19141.09,21772.92
25,Thiruvannamalai,111687.47,3725.78,8277.45
26,Thiruvarur,30062.17,1526.86,6095.05
27,Thoothukudi,50683.95,1895.44,28732.46
28,Tiruchy,70069.09,7451.28,13102.08
29,Tiruppur,45375.57,3593.61,-5837.28
30,Vellore,58970.76,7353.64,-2640.67
31,Villupuram,148771,5688.53,1679.61
32,Virudhunagar,53344.37,2513.11,19100.82
ANDHRA PRADESH,,,,
1,Adilabad,187470,12632,110620
2,Karimnagar,179633,46578,12430
3,Khammam,159305,9144,95623
4,Mahbubnagar,169294,14617,79010
5,Medak,102770,9895,21465
6,Nalgonda,168251,12590,56794
7,Nizamabad,131128,8278,43087
8,Rangareddy & Hyderabad,64763,25998,4167
9,Warangal,176408,15712,60039
Tripura,,,,
1,West Tripura ,84186.06,8462.55,68589.51
2,South Tripura ,63694.14,5624.64,56089.5
3,North Tripura ,40501.03,4073.4,36253.62
4,Dhalai,38519.65,1800.11,36689.54
UttarPradesh,,,,
1,Agra,83465.37,11653.2,5875.11
2,Aligarh,78988.81,12154.25,11670.63
3,Allahabad,134799.03,20807.63,29337.92
4,Ambedkar Nagar,89573.71,6692,22919.31
5,Amethi,100230.87,6800.1,25409.99
6,Amroha,67006.14,4473.59,0
7,Auraiya,64541.92,4057.7,18567.92
8,Azamgarh,130584.44,20477.28,38900.68
9,Baghpat,51531,3063.95,2505.93
10,Bahraich,107549.28,12950.95,41109.77
11,Ballia,78004.95,12095.51,17955.4
12,Balrampur,84890.83,5583.47,41993.82
13,Banda,69084.87,3925.64,30653.31
14,Barabanki,206682.08,10576.98,61616.79
15,Bareilly,157028.39,9341.86,37987.76
16,Basti,97601.8,7723.08,21744.74
17,Bijnor,130048.09,10807.73,38051.01
18,Budaun,124455.27,10589.69,18902.53
19,Bulandshahar,134034.95,8195.17,14677.86
20,Chandauli,77515.81,5894.83,45577.08
21,Chitrakoot,25618.09,4205.73,8209.93
22,Deoria,101175.13,10006.31,20366.79
23,Etah,63148.32,5637.52,10299.72
24,Etawah,68933.02,3353.12,33143.78
25,Faizabad,83569.89,5400.06,26062.5
26,Farrukhabad,59116.85,5090.03,11451.39
27,Fatehpur,118943.87,7666.29,11525.26
28,Firozabad,69738.73,7143.52,4814.17
29,Ghaziabad,29233.06,9022.51,2621.65
30,G.B. Nagar,41162.88,2936.92,2156.26
31,Ghazipur,122086.63,11861.97,28263.58
32,Gonda,121665.07,9581.83,37180.98
33,Gorakhpur,176256.36,13661.18,74521.15
34,Hamirpur,54550.69,4943.55,18775.25
35,Hapur,38904.26,4051.03,1140.79
36,Hardoi,173662.45,11042.19,46280.95
37,Hathras,58579.92,5471.03,6723.02
38,Jalaun,152565.8,4207.35,99650.98
39,Jaunpur,144306.9,16612.22,19234
40,Jhansi,65633.38,6163.6,21456.65
41,Kannauj,62594.22,4877.89,21900.31
42,Kanpur Dehat,82880.82,5777.97,20182.78
43,Kanpur Nagar,87889.25,26350.86,4805.25
44,Kasganj,51767.26,4206.05,4346.23
45,Kaushambi,51345.31,3500.43,9217.8
46,Kushi Nagar,166494.54,14299.52,81830.27
47,Lakhimpur Khiri,281393.03,16008.45,119591.88
48,Lalitpur ,55464.86,4825.22,19829.51
49,Lucknow,70044.83,20311.32,10144.71
50,Maharajganj,112162.86,10069.32,39151.86
51,Mahoba,17522.13,2674.69,0
52,Mainpuri,91582.96,5280.12,14890.14
53,Mathura,104811.55,6189.57,22239.36
54,Maunath Bhanjan,48296.33,7289.34,11372.45
55,Meerut,114864.56,9992.67,29539.03
56,Mirzapur,61537.28,10388.07,19554.78
57,Moradabad,69092.04,7969.26,5800.72
58,Muzzafarnagar,94377.07,8288.64,31711.26
59,Pilibhit,130315.17,6779.63,42933.98
60,Pratapgarh,152300.19,10294.06,14371.19
61,Raebareli,109327.06,7884.56,39883.25
62,Rampur,72993.11,6679.75,8904.24
63,Saharanpur,134886.4,8804.22,325.72
64,Sambhal,67846.86,6126.3,2964.14
65,Sant Kabeer Nagar,72021.35,5845.7,29325.87
66,Sant Ravidas Nagar,42770.85,6390.42,2034.84
67,Shajahanpur,140269.71,11007.88,51070.45
68,Shamli,42551.16,3457.2,1027.96
69,Shrawasti,43126.12,4315.27,11229.35
70,Siddharth Nagar,122736.04,9387.51,65087.22
71,Sitapur,216778.76,16062.38,67201.21
72,Sonbhadra,21888.93,6705.71,7396.96
73,Sultanpur,106494.24,6914.89,34489.46
74,Unnao,171983.66,11459.29,43100.55
75,Varanasi,48608.31,11497.15,4485.36
Uttarakhand,,,,
1,Dehradun ,36457.92,4060.86,28105.09
2,Haridwar,86130.61,2220.02,43296.36
3,Udham Singh Nagar ,63421.38,23543.76,5965.52
4,Nainital,10600.66,241.48,5063.98
West Bengal,,,,
1,Coochbehar,236661.59,5988.25,188411.84
2,Jalpaiguri,278465.29,5908.97,264315.12
3,Darjeeling,47015.03,2012.74,43833.19
4,Uttar Dinajpur,133514.83,7569.33,47811.9
5,Dakshin Dinajpur,98836.09,3349.33,44780.76
6,Malda,136087.61,9828.37,67150.64
7,Murshidabad,225726.36,17323.82,22215.54
8,Nadia,204737.62,10601.16,14914.26
9,North 24-Parganas,149939.31,19035.91,46378.8
10,Howrah,29661.73,6038.57,18653.16
11,Hooghly,125121.59,10669.27,59850.52
12,Burdwan,236877.76,15762.29,127055.87
13,Birbhum,116573.94,7780.42,72601.72
14,Bankura,161769.1,7362.46,84426.38
15,Purulia,72724.08,6411.97,64079.31
16,Purba Medinipore,73271.26,4341.44,47367.42
17,Paschim Medinipore,328863.5,12907.78,205036.12
Andaman & Nicobar,,,,
1,Andaman & Nicobar,37768.739,1615.437,36138.723
Chandigarh,,,,
1,Chandigarh UT (Ham),1943,0,0
Dadra And Nagar Haveli,,,,
1,UT of Dadra & Nagar Haveli,6341.12,1398.486,4192.178085
Daman & Diu,,,,
1,Daman,911,235,282
2,Diu,473,80,16
Lakshadweep,,,,
1,Agatti,35.4,,
2,Amini,34.1,,
3,Androth,62.3,,
4,Chetlat,13.6,,
5,Kadmat,40.7,,
6,Kalpeni,29.7,,
7,Kiltan,21.7,,
8,Kavaratti,48.4,,
9,Minicoy,64.2,,
Pondicherry,,,,
1,Puducherry,10946,4107.42,
2,Karaikal,6160.55,353.54,5296.18
3,Mahe,245.01,209.44,35.57
4,Yanam,,,
