,District,Recharge from Rainfall,Recharge From Other Sources,Recharge from Rainfall,Recharge From Other Sources,Total ,,, Irrigation ,Domestic & Industrial Water Supply ,Total ,Projected demand for Domestic and Industrial uses  upto 2025 ,Net Ground Water Availability for Future Irrigation use ,Stage of Ground Water Development (%) 
Andhra Pradesh,Guntur,109985,18487,22881,19825,171178,15819,155359,46677,8552,55229,10461,98221,36
,Vizianagaram,69126,18403,43050,28717,159296,15140,144156,104597,9585,114182,13376,38123,79
,Visakhapatnam,138586,13441,10345,24058,186430,18064,168366,103764,16033,119797,18852,47361,71
,East Godavari,60450,38551,36600,25814,161415,14536,146879,32646,4451,37097,13177,101056,25
,Srikakulam,48619,103483,31345,16859,200306,19729,180577,28288,6642,34930,14624,137823,19
,Nellore,50584,16543,40086,16432,123645,8284,115361,62328,6105,68433,8804,44229,59
,Kurnool,95298,27618,19069,53391,195376,18097,177279,108666,4620,113286,11415,60269,64
,Prakasam,143369,12893,38140,26725,221127,18738,202389,51976,6206,58182,10983,139986,29
,Khammam,48537,44546,22447,66356,181886,16917,164969,49627,9530,59157,11884,105226,36
,Adilabad,58378,30103,29158,32876,150515,12790,137725,35086,4144,39230,13067,89853,28
,Krishna,72443,15561,18917,24741,131662,12994,118668,95973,3066,99039,7603,24967,83
,West Godavari,95154,29351,25467,31327,181299,17958,163341,69040,4502,73542,12666,81635,45
,Mehaboobnagar,90352,47433,28710,44651,211146,20217,190929,103380,10197,113577,11549,76000,59
,Kadapa,150029,48098,734,73610,272471,25583,246888,62575,5080,67655,44026,140287,27
,Nalgonda,64576,22336,15913,30200,133025,12658,120367,81284,1934,83218,6679,34153,69
,Warangal,60835,20303,26994,70492,178624,17210,161414,43804,2124,45928,7795,112453,28
,Karimnagar,43753,5789,12695,8870,71107,6761,64346,33303,11954,45257,16234,18452,70
,Nizamabad,44230,28943,26204,10774,110151,9938,100213,20871,4404,25275,9475,69867,25
,Rangareddy,68026,5484,13207,5739,92456,7972,84484,14310,4287,18597,11421,58753,22
,Chittoor,42054,22125,27903,7372,99454,9407,90047,16184,838,17022,6650,67213,19
,Anantapur,116570,17391,26082,33863,193906,18138,175768,100739,8159,108898,14703,62290,62
,Medak,53946,42053,22462,43810,162271,15071,147200,52859,565,53424,6003,88338,36
Arunachal Pradesh,Tirap,8718,0,2283,0,11000,1100,9900,3,0,3,43,9855,0.02828
,Changlang,20988,18,6996,27,28029,2803,25226,26,,26,59,25142,0.10109
,Lohit,143000,0,52360,0,195360,19536,175824,5,,5,101,175717,0.00301
,Anjaw,0,0,0,0,0,0,0,0,0,0,0,0,0
,Dibang valley,0,0,0,0,0,0,0,0,0,0,0,0,0
,Lower Dibang Valley,70488,0,30624,0,101112,10111,91001,34,,34,104,90864,0.03681
,East Siang,60078,8,14049,12,74147,7415,66732,84,44,128,45,66603,0.19196
,West Siang,4878,1,1220,1,6099,610,5489,0,0,0,18,5471,0
,Upper Siang,0,0,0,0,0,0,0,0,0,0,0,,0
,East Kameng,13338,0,3025,0,16363,1636,14726,15,,15,71,14640,0.10186
,West Kameng,1820,0,530,0,2351,235,2116,0,0,0,19,2097,0
,Lower Subansiri,1761,0,803,0,2564,256,2307,5,,5,91,2211,0.21669
,Upper Subansiri,228,0,105,0,333,33,299,0,0,0,0,299,0
,Papum Pare,10781,0,2587,0,13368,1337,12031,58,56,114,73,11900,0.94339
,Tawang,0,0,0,0,0,0,0,0,0,0,0,,0
,Kurung Kumey,0,0,0,0,0,0,0,0,0,0,0,0,0
Assam,Barpeta,59201,20542,7068,4417,91228,9123,82105,36041,3410,39451,4509,41555,48
,Bongaigaon,59709,4790,24706,1206,90411,9041,81370,13280,1494,14774,1903,66187,18
,Cachar,52071,9,35195,7,87282,8728,78554,11,3578,3589,4547,73996,5
,Darrang,59693,7170,22503,1875,91241,9124,82117,19721,1817,21538,2357,60039,26
,Dibrugarh,92018,5670,57274,1367,156329,15633,140696,14029,2737,16766,3108,123559,12
,Dhemaji,113890,1507,69337,390,185124,18512,166612,4142,1380,5522,1805,160665,3
,Dhubri,79158,17269,25660,4327,126414,12641,113773,47935,3940,51875,5407,60431,46
,Golaghat,94386,1885,43985,478,140734,14073,126661,5214,2135,7349,2473,118974,6
,Goalpara,80767,5240,27798,1323,115128,11513,103615,14512,2057,16569,2737,86366,16
,Hailakandi,15423,3,10860,3,26289,2629,23660,0,1323,1323,1757,21903,6
,Jorhat,95588,2325,49493,592,147998,14800,133198,6425,2259,8684,2457,124316,7
,Kamrup,87173,8952,33386,2297,131808,13181,118627,24720,3060,27780,3735,90172,23
,Karbi Anglong,23477,2398,11595,359,37829,3783,34046,104,1959,2063,2477,31465,6
,Kokrajhar,109550,3980,45329,726,159585,15959,143626,4008,1775,5783,1888,137730,4
,Karimganj,28446,66,18727,30,47269,4727,42542,138,2453,2591,3212,39192,6
,Lakhimpur,80114,1360,48773,350,130597,13060,117537,3749,2096,5845,2611,111177,5
,Morigaon,47311,5260,19046,1320,72937,7294,65643,14593,1924,16517,2621,48429,25
,Nagaon,109601,33029,44122,5942,192694,19269,173425,33755,5751,39506,7598,132072,23
,N.C. Hills,2602,1,1192,1,3796,380,3416,0,451,451,510,2906,13
,Nalbari,20983,4449,11953,1122,38507,3851,34656,12327,1558,13885,1795,20534,40
,Sibsagar,98417,2590,41461,657,143125,14313,128812,7163,2321,9484,2595,119054,7
,Sonitpur,113469,10385,71710,1799,197363,19736,177627,6585,3880,10465,4741,166301,6
,Tinsukia,100609,2788,63520,711,167628,8381,159247,7700,2725,10425,3190,148357,7
,Baksa,41724,8256,23769,1060,74809,7481,67328,1396,1886,3282,2206,63726,5
,Kamrup Metro,17171,674,6576,168,24589,2459,22130,1872,2999,4871,3246,17012,22
,Udalguri,38990,12264,20355,1670,73279,3664,69615,4117,1660,5777,1889,63609,8
,Chirang,68344,831,28279,208,97662,9766,87896,2308,967,3275,1116,84472,4
Bihar,Araria,61913,8639,16078,2880,89510,8691,80819,22432,4786,27218,6707,51681,34
,Arwal,11679,6866,1978,2560,23083,1846,21237,9491,1096,10587,1639,10107,50
,Aurangabad,75591,13610,9315,4634,103150,8779,94371,18082,4264,22346,6464,69825,24
,Banka,29344,9514,6732,1717,47307,3908,43399,12988,3167,16155,4333,26078,37
,Begusarai,49227,4520,7198,6415,67360,6736,60624,33069,4745,37813,7611,19944,62
,Bhabhua,56812,12944,11757,5303,86816,7380,79436,23281,2496,25777,4005,52150,32
,Bhagalpur,59009,3935,11795,2465,77204,6605,70599,18397,5443,23840,7665,44537,34
,Bhojpur,47943,18596,7308,12049,85896,6601,79295,30706,4587,35293,6308,42281,45
,Buxar,33156,18053,4869,9031,65109,5643,59466,18463,2655,21118,4100,36904,36
,Darbhanga,48712,4959,7548,3234,64452,4047,60405,23710,7631,31342,12327,24367,52
,E.Champaran,80152,27743,14626,19072,141593,12381,129212,46748,7304,54053,11754,70709,42
,Gaya,85811,14749,12210,3848,116618,11285,105333,43910,8183,52093,12350,49073,49
,Gopalganj,37083,13954,6885,10732,68654,3985,64669,33480,4326,37806,5993,25196,58
,Jamui,26832,7781,6709,2292,43614,3303,40311,12689,2913,15602,4452,23170,39
,Jehanabad,22059,6767,2897,1487,33210,3123,30087,17481,1931,19412,2801,9805,65
,Katihar,68092,9394,15793,5868,99148,9915,89233,44202,4685,48886,7361,37670,55
,Khagaria,47326,1505,6138,4739,59709,5547,54162,22164,2566,24730,3959,28039,46
,Kishanganj,60420,2474,14676,3059,80628,8063,72566,17714,2699,20413,4015,50837,28
,Lakhisarai,21513,4726,3119,1792,31150,2805,28345,10436,1648,12084,2100,15809,43
,Madhepura,34865,9648,8510,5379,58401,5692,52709,26921,3205,30125,4801,20988,57
,Madhubani,82885,9372,15264,5096,112617,7433,105184,28833,6823,35655,10006,66345,34
,Munger,25062,4198,4019,1083,34362,3184,31178,7020,2130,9150,2888,21271,29
,Muzaffarpur,74039,18193,11172,15502,118906,9559,109347,53475,7511,60986,10732,45140,56
,Nalanda,51356,11721,7002,3355,73434,6735,66699,39149,4592,43741,5509,22041,66
,Nawada,45277,5336,6829,1976,59417,5456,53961,19550,3842,23392,5807,28604,43
,Patna,74832,16661,10352,7614,109459,10406,99053,45795,9121,54916,12836,40421,55
,Purnea,72301,1055,18860,4825,97041,5788,91253,36408,6167,42575,8528,46317,47
,Rohtas,85392,19758,10500,8058,123709,10503,113206,35158,4908,40066,7370,70678,35
,Saharsa,39548,7745,8139,5221,60653,4214,56439,18405,2963,21368,4895,33140,38
,Samastipur,69865,7631,10749,5620,93865,6348,87518,39257,6940,46197,10833,37428,53
,Saran,55052,12356,8105,10725,86237,5366,80871,39032,6310,45342,8923,32917,56
,Sheikhpura,12376,2898,2080,713,18067,1463,16604,7809,1126,8935,1390,7405,54
,Sheohar,13335,2286,1892,1041,18553,1228,17325,9237,1132,10369,1910,6178,60
,Sitamarhi,60962,7244,9711,5288,83206,5553,77653,29968,5521,35489,8662,39023,46
,Siwan,41092,19519,7263,15475,83349,8335,75014,38888,5118,44006,7402,28724,59
,Supaul,49221,12616,11809,8386,82032,7838,74195,23197,3456,26653,5391,45608,36
,Vaishali,49081,11578,7330,10038,78027,5867,72160,36052,5324,41375,7421,28687,57
,West Champaran,95151,24647,12402,25754,157955,15437,142518,31903,6285,38188,9275,101339,27
,,,,,,,,,,,,,,
Chhattisgarh,Baster,84820,846,11132,2299,99098,5960,93139,8510,3357,11867,4121,80508,13
,Bijapur,71408,95,10259,143,81905,4104,77801,775,560,1335,750,76276,2
,Bilaspur,53467,5666,0,5043,64175,3227,60948,24371,4526,28896,6048,30530,47
,Dantewara,52642,206,0,944,53793,3674,50119,1976,1167,3143,1468,46674,6
,Dhamtari,32926,7141,0,9874,49942,3779,46163,33230,2915,36145,3679,9254,78
,Durg,58283,8057,7609,15758,89707,7694,82013,48856,7752,56608,8890,24472,69
,Janjgir Champa,24043,6680,3126,5395,39244,2474,36770,11940,3350,15291,4371,20459,42
,Jashpur,41188,559,5062,3474,50283,2865,47418,14607,1890,16497,2263,30548,35
,Kanker,78425,972,8588,2525,90510,5028,85481,16399,1641,18040,2104,66978,21
,Kawardha,24264,2195,3048,7083,36589,2308,34281,20872,1848,22720,2184,11224,66
,Korba,41581,832,4090,2604,49107,2822,46285,9664,4962,14626,5676,30945,32
,Koriya,47349,1271,3397,2247,54264,3310,50954,9994,1530,11524,1960,39000,23
,Mahasamund,53837,3199,1096,5282,63413,3600,59813,24228,4008,28237,5066,30518,47
,Narayanpur,25444,219,4255,375,30292,1533,28759,381,461,841,640,27738,3
,Raigarh,32212,2233,3764,4955,43164,2886,40278,17574,3698,21272,4616,18087,53
,Raipur,86803,21332,5614,12185,125934,10166,115768,40069,10033,50102,11065,64634,43
,Rajnandgaon,30000,5999,5007,5586,46592,3500,43092,21529,3384,24913,3478,18084,58
,Surguja,151224,2615,11115,8560,173514,9812,163702,38144,5235,43379,7509,118049,27
,,,,,,,,,,,,,,
Delhi,Darya Ganj,161,8,27,64,260,26,234,41,98,139,159,34,59
,Karol Bagh,31,2,5,6,45,4,40,10,45,55,63,0,137
,Pahar Ganj,59,3,10,8,80,8,72,0,98,98,124,0,137
,Gandhi Nagar,147,121,21,108,396,40,357,96,188,284,258,3,80
,Preet Vihar,175,147,25,289,635,32,604,691,775,1466,833,0,243
,Vivek Vihar,175,6,25,47,252,25,227,57,316,374,330,0,164
,Chanakay Puri,188,55,31,118,393,39,353,300,40,340,67,0,96
,Connaught Place,120,22,20,48,210,21,189,125,24,149,40,24,79
,Parliament Street,110,24,18,43,195,19,175,128,31,160,53,0,91
,Civil Lines,632,125,105,497,1359,136,1223,86,679,764,737,401,62
,Kotwali,65,54,11,12,143,14,128,53,98,151,109,0,118
,Sadar Bazar,44,1,7,2,54,5,49,0,53,53,60,0,110
,Seelam Pur,309,314,43,304,970,97,873,329,415,743,583,0,85
,Seema Puri,99,2,14,12,127,6,120,0,269,269,267,0,223
,Shahdra,42,12,6,98,158,16,143,0,287,287,285,0,201
,Model Town,203,66,25,234,529,53,476,70,777,848,767,0,178
,Narela,1967,1433,286,1429,5115,256,4859,1973,1749,3722,2014,872,77
,Saraswati Vihar,988,908,127,965,2987,299,2689,1239,3207,4446,3173,0,165
,Defence Colony,498,323,88,241,1150,115,1035,299,1046,1346,1092,0,130
,Hauz Khas,825,652,112,103,1692,169,1523,467,3099,3565,3235,0,234
,Kalkaji,800,649,105,184,1739,174,1565,1127,2001,3128,2072,0,200
,Delhi Cantonment,583,112,79,118,892,89,803,369,1475,1844,1439,0,230
,Najafgarh,1016,4258,156,1582,7012,351,6661,5787,2601,8388,2510,0,126
,Vasant Vihar,1311,216,178,143,1848,185,1663,304,2241,2545,2160,0,153
,Patel Nagar,264,86,43,674,1067,53,1014,74,1871,1945,1924,0,192
,Panjabi Bagh,295,117,25,939,1376,69,1307,381,833,1214,941,0,93
,Rajouri Garden,120,26,19,203,368,37,331,18,874,892,897,0,269
,,,,,,,,,,,,,,
Goa,North Goa,9758,51,0,4448,14257,5703,8554,778,1750,2527,2166,5610,30
,South Goa,5913,786,644,2638,9982,3993,5989,228,1359,1586,1682,4079,26
,,,,,,,,,,,,,,
Gujarat,Ahmedabad,44095,9521,0,8070,61686,3377,58309,38491,7203,45694,9597,12740,78
,Amreli,61736,9585,0,9514,80836,4042,76794,46774,2637,49411,3532,26488,64
,Anand,34561,21623,0,22695,78879,4539,74340,33888,5128,39016,6875,33576,52
,Banaskantha,82040,13061,0,20424,115525,7739,107787,109620,5696,115316,7638,5917,107
,Bharuch,30556,2450,0,7909,40916,2046,38870,16182,2228,18410,2978,19710,47
,Bhavnagar,64370,16749,0,13160,94280,4714,89566,51733,5638,57371,7561,30271,64
,Dang,6883,1891,0,329,9103,455,8648,902,566,1468,758,6988,17
,Dohad,21542,6890,0,8822,37254,1863,35392,13256,4395,17651,5547,16588,50
,Gandhinagar,38140,5013,0,5685,48838,3538,45300,51272,3112,54384,4257,0,120
,Jamnagar,71335,11279,0,7400,90014,4501,85513,50412,4500,54912,6033,29068,64
,Junagadh,109853,12852,0,14523,137228,6861,130366,73356,6869,80225,9203,47807,62
,Kachchh,55414,12927,0,15470,83811,4191,79621,58927,4243,63170,5694,15855,79
,Kheda,47791,14753,0,15493,78037,4026,74011,41345,5866,47210,7862,24805,64
,Mahesana,69114,7639,0,11271,88025,4401,83624,91506,5562,97068,7455,423,116
,Narmada,16400,1778,0,4447,22625,1131,21494,4826,1554,6380,2085,14583,30
,Navsari,17965,8968,0,13613,40546,2027,38518,16249,2344,18593,3117,19153,48
,Panchmahals,36651,13917,0,23371,73939,3697,70242,23568,5569,29137,7007,39666,41
,Patan,19710,3082,0,5272,28064,2806,25258,28978,1921,30899,2495,0,122
,Porbandar,17266,2124,0,1352,20743,1037,19705,13278,835,14113,1618,4809,72
,Rajkot,109364,19838,0,23622,152825,7641,145183,87049,7816,94865,10344,47790,65
,Sabarkantha,92046,15694,0,17140,124881,6244,118637,80640,5614,86254,7738,30259,73
,Surat,32201,19485,0,33947,85633,4282,81352,30197,6315,36512,8339,42816,45
,Surendranagar,57259,3097,0,5947,66303,3315,62987,34561,2937,37498,3936,24490,60
,Tapi,25007,3178,0,7289,35474,1774,33701,9633,1397,11030,1824,22243,33
,Vadodara,95165,11319,0,19497,125982,6299,119682,56601,8129,64730,10566,52515,54
,Valsad,22402,5822,0,7186,35410,1771,33640,11521,2669,14190,3578,18541,42
,,,,,,,,,,,,,,
Haryana,Ambala,30834,10923,9196,7148,58101,4849,53252,38323,7710,46033,8954,5975,86
,Panchkula,8164,2373,2569,1792,14898,980,13918,8464,2790,11254,4319,1135,81
,Fatehabad,17482,20511,3300,17586,58879,5887,52992,90660,1400,92060,1809,-39477,174
,Bhiwani,33642,12844,6122,15476,68084,6227,61857,70596,758,71354,832,-9571,115
,Hissar,22210,16117,4389,26202,68918,6598,62320,57841,452,58293,565,3914,94
,Gurgaon,12560,3023,4440,6697,26720,2672,24048,36266,18152,54418,18152,-30370,226
,Mewat,10254,4243,4280,5531,24308,1944,22364,17586,1190,18776,1755,3023,84
,Faridabad,9059,3975,3256,5448,21738,2174,19564,12691,2232,14923,2733,4140,76
,Palwal,12683,13076,2497,17948,46204,3297,42907,40597,999,41596,1310,1000,97
,Jhajjar,12543,13043,2822,16899,45307,4069,41238,40768,291,41059,339,131,100
,Jind,18941,28732,9601,36267,93541,8749,84792,91079,3717,94796,3812,-10099,112
,Kaithal,16997,21240,5193,15272,58702,5193,53509,108316,6241,114557,6241,-61048,214
,Karnal,26958,26173,5315,31797,90243,8012,82231,120647,1244,121891,1244,-39660,148
,Kurukshetra,17963,9082,4946,6380,38371,3038,35333,71099,6737,77836,6737,-42503,220
,Mahendragarh,13402,1924,3335,5819,24480,2000,22480,22506,421,22927,470,-496,102
,Panipat,12814,8687,2597,10441,34539,3452,31087,50148,496,50644,496,-19557,163
,Rewari,13018,3609,3075,11844,31546,3154,28392,31999,116,32115,126,-3733,113
,Rohtak,10823,15309,4179,17653,47964,4193,43771,30488,100,30588,117,13166,70
,Sirsa,14540,27928,4903,38575,85946,8594,77352,135443,776,136219,776,-58867,176
,Sonepat,22272,25405,5955,31921,85553,8555,76998,102617,4630,107247,4639,-30258,139
,Yamunanagar,27599,9097,9165,7960,53821,5380,48441,56434,10215,66649,10499,-18492,138
,,,,,,,,,,,,,,
Himachal Pradesh,Indaura Valley,7533.47,314.28,2090.68,628.56,10566.99,528.35,10038.64,3771.37,1492.35,5263.72,1492.35,4774.92,52
,Nurpur Valley,5155.6,125.85,1872.52,251.7,7405.67,370.28,7035.39,1510.2,1511.33,3021.53,1511.33,4013.86,43
,Balh Valley,2118.76,21.15,792.11,42.29,2974.31,148.72,2825.59,253.73,659.04,912.77,659.04,1912.82,32
,Paonta Valley,6658.61,109.67,1120.77,219.34,8108.39,405.42,7702.97,1316.02,858.44,2174.46,858.44,5528.51,28
,Kala Amb Valley,71.02,4.24,17.93,8.47,101.66,5.08,96.58,50.81,494.51,545.32,494.51,-448.74,565
,Nalagarh Valley,6283.55,184.91,1521.57,369.82,8359.85,417.99,7941.86,2218.92,2113.39,4332.31,2113.39,3609.55,55
,Una Valley,10464.22,1681.81,2537.96,3108.76,17792.75,889.64,16903.11,15480.4,5485.88,20966.28,5485.88,-4063.17,124
,Hum Valley,389.14,41.57,113.26,49.14,593.11,29.66,563.45,454.14,106.9,561.04,125.36,-16.05,100
,,,,,,,,,,,,,,
Jammu and Kashmir,Jammu,39840,55640,10000,24622,130102,13010,117092,12993,8503,21496,9162,94937,18
,Kathua,18613,21474,4637,8946,53671,5367,48304,5469,3127,8596,3793,39043,18
,Srinagar,5908,8742,1474,488,16612,1661,14951,500,9328,9827,12304,2147,66
,Anantnag,13245,34367,3300,98,51009,5101,45908,69,5014,5083,6447,39392,11
,Baramulla,23040,22138,5760,832,51770,5177,46593,401,4071,4472,4959,41233,10
,Badgam,9131,18127,2278,96,29632,2963,26669,62,7088,7150,8519,18088,27
,Pulwama,9349,19182,2337,24,30893,3089,27803,90,7922,8012,10318,17395,29
,Kupwara,8342,10607,2086,20,21055,2106,18950,24,4858,4882,6607,12318,26
,Udhampur,2384,2892,597,611,6483,648,5835,15,2785,2800,3045,2775,48
,Rajouri,6440,2967,1610,782,11800,1180,10620,231,3102,3333,4063,6326,31
,Poonch,3920,4960,980,574,10434,1043,9391,5,3762,3767,4910,4476,40
,Doda,2153,2919,492,407,5972,597,5374,6,1043,1049,1715,3654,20
,Kargil,240,1283,60,0,1583,158,1425,0,132,132,167,1259,9
,Leh,2640,804,660,0,4104,410,3694,12,40,52,55,3627,1
,,,,,,,,,,,,,,
Jharkhand,Bokaro ,20333,158,2546,1849,24886,1805,23081,5488,2474,7962,3575,14018,34
,Chatra ,24927,216,3427,2389,30959,2187,28772,8886,1374,10260,2262,17623,36
,Deoghar ,17805,53,6304,1506,25668,1935,23733,5527,2754,8282,4783,13423,35
,Dhanbad ,12716,66,2587,1010,16378,1435,14943,3715,4623,8338,5780,5449,56
,Dumka ,20061,2314,6125,1713,30212,3021,27191,5635,1948,7582,2509,19047,28
,E-Singhbhum ,26081,146,4982,891,32101,3001,29100,3138,3467,6605,3837,22125,23
,Garhwa ,25680,1555,4041,2493,33768,2783,30986,9221,2027,11248,2925,18839,36
,Giridih  ,37470,81,6363,3141,47055,3360,43695,12308,3913,16221,5245,26142,37
,Godda ,10583,1151,2648,1105,15487,1216,14271,4369,2052,6421,2414,7488,45
,Gumla ,31233,905,8154,2462,42754,4275,38478,9094,1622,10716,2176,27208,28
,Hazaribagh ,27712,703,5999,2991,37404,3154,34250,11022,3378,14399,4556,18673,42
,Jamtara  ,13568,14,3429,876,17888,1480,16407,3268,1401,4669,1888,11251,28
,Khunti  ,10438,658,4660,1031,16786,1679,15107,3728,724,4452,1166,10213,29
,Koderma  ,6335,3,1371,474,8182,610,7572,1818,885,2703,1286,4468,36
,Latehar  ,21629,147,3362,1566,26703,2086,24617,5772,1006,6778,1520,17325,28
,Lohardaga ,7550,356,2313,956,11176,1118,10058,3498,627,4125,948,5612,41
,Pakur ,11340,279,3314,256,15188,1405,13783,785,1255,2041,1897,11101,15
,Palamu ,29279,1616,5715,2631,39242,3566,35676,9633,2654,12287,3855,22188,34
,Ramgarh  ,11423,44,1513,873,13854,1219,12635,3237,1806,5043,1867,7531,40
,Ranchi ,28405,996,7795,3016,40212,3625,36587,11404,5982,17386,8718,16465,48
,Sahebganj ,12190,196,1770,379,14535,1307,13228,957,2113,3070,3159,9112,23
,Saraikela ,16180,617,4329,317,21443,1977,19465,690,2640,3330,3308,15467,17
,Simdega ,23463,276,5298,1655,30693,2865,27828,7021,1086,8107,1630,19178,29
,W-Singhbhum ,28470,887,8387,393,38136,3394,34742,1064,3064,4128,4563,29114,12
,,,,,,,,,,,,,,
Karnataka,Bagalkote,12284,15081,5950,9893,43208,3634,39574,32904,3028,35932,3838,10795,91
,Bangalore Rural,9511,3419,4999,3463,21391,1206,20184,22376,3239,25616,3240,107,127
,Bangalore Urban,7031,1205,3624,1557,13417,670,12746,12229,5749,17978,5749,0,141
,Belgaum,32940,47292,10926,22967,114125,10689,103436,73925,6337,80261,8000,31892,78
,Bellary,21260,23230,13408,15048,72946,6980,65966,24363,3072,27436,4871,37877,42
,Bidar,22699,2201,3874,3948,32722,2042,30680,15732,1766,17498,2348,13719,57
,Bijapur,27163,7944,9209,7130,51446,4036,47410,30634,5006,35640,6070,16071,75
,Chamrajnagara,13119,11074,6062,7529,37785,3463,34322,26170,1446,27616,1910,10017,80
,Chikballapur,11987,8362,7901,4453,32703,2820,29883,40612,2705,43318,2735,1591,145
,Chikmagalur,36800,12513,12862,6455,68630,12228,56402,22015,2235,24250,2604,32580,43
,Chitradurga,22475,8789,15463,8125,54852,5174,49677,47941,2941,50882,3557,5998,102
,Dakshin Kannada,39267,1691,7174,3447,51579,19175,32404,19414,2958,22373,3471,10614,69
,Davangere,21977,10555,13697,14986,61215,5263,55952,46814,2800,49613,4236,11840,89
,Dharwad,14556,3810,6236,2549,27151,5406,21745,11850,917,12767,1524,8549,59
,Gadag,10826,5740,6012,4549,27127,2170,24957,20613,1577,22190,2011,5581,89
,Gulbarga,29185,5181,9049,25880,69295,5996,63299,16699,3374,20073,4609,42025,32
,Hassan,21739,28695,13069,18516,82020,8428,73593,37804,2347,40151,3486,38414,55
,Haveri,18802,23494,9235,6657,58188,5034,53154,31214,2680,33894,3734,18465,64
,Kodagu,20382,1570,9156,1220,32328,4887,27441,5451,433,5884,617,21373,21
,Kolar,12847,6287,7515,7241,33889,2062,31828,57766,1757,59523,1757,0,187
,Koppal,13610,19868,7018,19596,60093,5740,54352,21625,1590,23215,2533,31181,43
,Mandya,12658,45481,7482,38774,104395,10292,94103,42432,2043,44476,3470,52536,47
,Mysore,18838,19228,12551,12774,63391,5588,57803,23075,2043,25118,3634,32178,43
,Raichur,19668,30039,9152,33257,92116,8907,83209,23232,2207,25439,3483,57628,31
,Ramanagara,8720,4378,7004,3986,24087,1789,22298,19527,4527,24054,4779,749,108
,Shimoga,41067,35836,11424,19888,108216,15667,92549,23330,1962,25292,2856,66378,27
,Tumkur,27235,22330,20112,15752,85428,7005,78424,73846,4488,78334,6596,15495,100
,Udupi,45144,958,5995,1736,53834,21058,32775,9646,2393,12039,2888,20241,37
,Uttar kannada,70874,3637,5611,3299,83421,30516,52905,16869,2752,19621,3256,32780,37
,Yadgir,16438,6632,5425,13171,41666,3616,38050,9051,1607,10657,2499,26500,28
,,,,,,,,,,,,,,
Kerala,Alappuzha,30407,70,7300,10869,48646,3356,45290,2992,10040,13032,10372,31927,29
,Ernakulam,42496,483,7942,13578,64499,6173,58327,10308,13931,24240,15296,32722,42
,Idukki,16233,110,3119,2376,21838,2184,19655,2874,5496,8370,5985,10796,43
,Kannur,45296,679,0,7256,53232,5219,48013,10943,10939,21882,11932,25137,46
,Kasargod,31039,815,0,4690,36544,3654,32889,16705,6775,23480,7798,8387,71
,Kollam,31965,166,10452,4172,46756,4535,42221,4015,11933,15948,13016,25190,38
,Kottayam,34780,133,7331,6939,49182,4612,44570,3491,9214,12705,10704,30375,29
,Kozhikode,36227,229,0,1447,37904,3442,34462,5200,14024,19224,15793,13469,56
,Malappuram,40081,360,5590,8500,54531,4976,49555,8166,20235,28401,24392,16996,57
,Palakkad,45501,1742,7769,30802,85814,7432,78383,35494,13151,48646,14197,28894,62
,Pathanamthitta,18208,123,6126,3461,27918,2616,25302,3463,6004,9467,6304,15534,37
,Thiruvananthapuram,24892,285,7439,2981,35596,2724,32871,3985,13316,17301,14699,14187,53
,Thrissur,57151,1072,0,17282,75505,7352,68153,22167,13720,35888,15216,30769,53
,Waynad,30407,21,0,246,30675,3067,27607,652,4319,4971,4816,22139,18
,,,,,,,,,,,,,,
Madhya Pradesh,Alirajpur,19494,801,0,1352,21648,1082,20565,3802,2162,5964,2951,13813,29
,Annupur,34230,99,5578,257,40163,2008,38155,1017,1162,2180,1399,35738,6
,Ashoknagar,36962,1650,0,5556,44168,2208,41959,18738,1588,20326,2414,20806,48
,Balaghat,81283,3872,8091,2579,95825,4791,91034,9620,3107,12728,4114,77299,14
,Barwani,36947,1444,0,5083,43475,2174,41301,26800,3019,29819,5004,9496,72
,Betul ,94384,3022,12410,10141,119956,5998,113959,55565,3594,59159,4813,53580,52
,Bhind,51997,749,2061,11165,65972,3299,62673,22632,2764,25396,3718,36323,41
,Bhopal,31933,1863,0,5431,39227,1961,37266,25719,2356,28075,3211,8336,75
,Burhanpur,29082,877,0,4118,34077,1704,32373,23504,1147,24651,1422,7446,76
,Chhatarpur,64451,3049,0,11278,78778,3939,74839,47508,2761,50270,4012,23318,67
,Chhindwara,109835,4133,11905,13734,139607,6980,132627,64955,5274,70230,7194,60477,53
,Damoh,32722,1403,0,8091,42217,2111,40106,22861,2113,24974,3761,13484,62
,Datia,28596,684,0,5475,34756,1738,33018,14598,1248,15847,1928,16492,48
,Dewas,71825,2759,0,13063,87646,4382,83264,65523,2623,68146,3582,14159,82
,Dhar,80003,4483,0,18531,103017,5151,97867,75257,5005,80262,6769,15840,82
,Dindori,39722,106,4683,343,44853,2243,42611,1857,1384,3241,1714,39040,8
,Guna,64703,3348,0,10897,78949,3947,75002,38689,2665,41354,3389,32923,55
,Gwalior,35580,3726,1318,12204,52828,2641,50187,19710,1979,21689,3815,26662,43
,Harda,35662,2764,0,15286,53712,2686,51026,13730,976,14706,1330,35966,29
,Hoshangabad,142757,10334,0,60746,213837,10692,203145,35051,2933,37984,4348,163745,19
,Indore,44272,3624,0,12193,60089,3004,57084,65109,3369,68478,4183,-12207,120
,Jabalpur,51942,2675,980,6640,62238,3112,59126,25989,3141,29130,5083,28054,49
,Jhabua,20706,722,0,1785,23214,1161,22053,7657,2366,10023,3142,11254,45
,Katni,34444,1838,0,4786,41068,2053,39015,13404,2549,15953,3893,21717,41
,Khandwa,72460,1825,0,9533,83818,4191,79627,46898,2862,49760,4793,27936,62
,Khargone,65142,2821,0,11677,79640,3982,75658,53171,3467,56638,5062,17425,75
,Mandla,48261,732,6601,3007,58603,2930,55672,6218,2248,8465,3200,46255,15
,Mandsaur,46733,2385,0,11115,60232,3012,57221,51972,3229,55201,3219,2029,96
,Morena,41592,959,1079,20459,64089,3204,60885,20623,4289,24912,7209,33053,41
,Narsinghpur,105594,2890,0,14196,122679,6134,116545,85929,2168,88097,2708,27907,76
,Neemuch,31755,3695,0,7345,42795,2140,40656,32094,1749,33843,1973,6588,83
,Panna,50500,838,0,3292,54629,2731,51897,11531,2101,13633,2925,37441,26
,Raisen,83521,3012,0,8479,95013,4751,90262,37095,3168,40263,4393,48775,45
,Rajgarh,77303,3317,0,10528,91148,4557,86590,68296,3457,71753,4291,14004,83
,Ratlam,56957,4350,0,16258,77565,3878,73687,90218,2382,92601,2781,-19312,126
,Rewa,42292,915,2610,3596,49413,2471,46942,20570,4609,25179,5970,20402,54
,Sagar,110939,3425,0,14738,129102,6455,122647,69993,2418,72411,4642,48012,59
,Satna,43518,2147,4309,7038,57012,2851,54162,35041,5167,40208,5867,13254,74
,Sehore,62638,3436,0,12873,78947,3947,74999,55106,2585,57692,5787,14106,77
,Seoni ,68249,1396,551,4509,74706,3735,70970,17504,3029,20532,4412,49055,29
,Shahdol,59636,216,7502,508,67862,3393,64469,2305,1928,4233,2679,59485,7
,Shajapur,83175,4187,0,16745,104108,5205,98902,93239,3583,96822,3972,1691,98
,Sheopur,30388,587,0,13631,44606,2230,42376,14218,1274,15492,1690,26467,37
,Shivpuri,63109,2995,0,12517,78621,3931,74690,47917,3226,51143,4152,22621,68
,Sidhi,29807,727,3277,2184,35995,1800,34195,10705,2433,13138,3576,19914,38
,Singrauli,34818,683,0,2057,37558,1878,35680,8555,2257,10812,3608,23517,30
,Tikamgarh,43531,2819,0,12252,58602,2930,55672,37827,2348,40175,3813,14032,72
,Ujjain,74887,4064,0,16932,95883,4794,91088,83560,3141,86701,3935,3594,95
,Umaria,39318,340,5917,811,46386,2319,44067,3661,1277,4937,1873,38534,11
,Vidisha,82160,2058,0,9513,93731,4687,89045,44543,3585,48128,5004,39498,54
,,,,,,,,,,,,,,
Maharashtra,Ahmednagar,101333,13668,26970,54485,196457,10325,186132,148892,3403,152295,6057,40936,82
,Akola,31274,1223,1699,8106,42302,2323,39979,16785,1197,17983,2394,20800,45
,Amravati,59485,3791,7173,24537,94987,5037,89950,57902,2865,60767,5055,30342,68
,Aurangabad,69459,6423,2807,40991,119680,6034,113647,78500,3257,81756,6392,29074,72
,Beed,84288,11841,15593,30325,142047,7244,134803,64172,4761,68932,9521,61110,51
,Bhandara,32384,6044,3904,12287,54620,3211,51409,14675,2316,16992,4628,32106,33
,Buldhana,69345,5007,5656,19830,99839,5676,94162,62735,2798,65533,5392,27268,70
,Chandrapur,100526,4654,0,4236,109415,5646,103770,9663,7172,16834,14344,79764,16
,Dhule,49795,5467,0,19276,74538,4334,70205,34596,1784,36380,3517,32093,52
,Gadchiroli,85046,1086,0,10250,96381,4819,91562,20225,2674,22899,5343,65994,25
,Gondia,39877,6687,3209,14684,64457,3846,60611,8788,3397,12185,6793,45030,20
,Hingoli,52136,1821,7211,46610,107779,5389,102390,36370,1804,38174,3607,62412,37
,Jalgaon,86016,5049,4433,47955,143453,7260,136193,104164,6226,110390,9798,29948,81
,Jalna,60031,2941,693,32095,95760,5253,90506,46874,1295,48169,2571,41081,53
,Kolhapur,60002,8059,3712,52339,124112,6206,117907,46927,1326,48253,2653,68327,41
,Latur,52861,5138,0,17869,75868,3854,72014,52215,2065,54280,3801,18144,75
,Nagpur,70403,5306,11334,26248,113290,6252,107038,51179,4801,55981,9430,46429,52
,Nanded,103980,858,16635,20105,141577,7116,134461,43379,3046,46425,6092,84990,35
,Nandurbar,40734,2285,0,8417,51437,2823,48614,22122,2373,24494,4745,21747,50
,Nashik,147580,10415,285,44143,202424,10892,191532,107175,3519,110693,6545,82051,58
,Osmanabad,67600,7587,8022,23463,106673,5396,101277,71082,1872,72954,3628,26931,72
,Parbhani,61459,719,3863,30859,96900,5022,91878,39446,1847,41293,3673,48758,45
,Pune,100919,13090,3692,65225,182927,9623,173304,119523,7067,126590,12837,45714,73
,Raigad,56364,410,0,5826,62600,3176,59425,5795,2094,7889,4188,49442,13
,Ratnagiri,46573,164,0,1347,48084,2413,45670,3986,1231,5217,2462,39222,11
,Sangli,56144,9587,2481,27193,95405,5925,89480,71147,2803,73950,5000,15871,83
,Satara,63874,8934,10508,25553,108869,5518,103351,70465,4946,75411,9564,23668,73
,Sindhudurg,24825,161,348,2286,27619,1381,26238,7771,1963,9734,3927,14541,37
,Solapur,99358,12852,13437,42104,167751,8535,159216,117997,4952,122949,9116,39527,77
,Thane,53005,525,0,8129,61659,3527,58132,6341,1255,7596,2510,49281,13
,Wardha,61676,469,9366,15668,87179,4707,82472,34445,3504,37949,7008,41019,46
,Washim,43903,2776,1604,11052,59336,3367,55969,19884,1575,21459,3149,32936,38
,Yeotmal,104154,2715,19403,13042,139315,7424,131890,19385,5746,25131,11492,101013,19
,,,,,,,,,,,,,,
Manipur,Imphal West-I Block,2613.23,88.14,2144.71,176.38,5022.46,502.25,4520.21,93,26,119.26,857.16,3570.05,2.64
,Imphal West-II Block,1775.89,111.73,1457.5,223.47,3568.6,356.86,3211.74,12,4,16.03,417.82,2781.92,0.5
,Imphal East-I Block,2223.68,141.01,1825,282.03,4471.72,447.17,4024.54,6,2,8.02,621.05,3397.49,0.2
,Imphal East-II Block,4545.71,7.9,3730.72,15.83,8300.16,830.02,7470.14,27,7,34.08,542.69,6900.45,0.46
,Thoubal Block,2860.52,85.17,2347.67,170.37,5463.73,546.37,4917.36,33,6,39.1,700.75,4183.61,0.8
,Kakching Block,3027.61,72.09,2484.8,144.24,5728.74,572.87,5155.87,57,5,62.18,413.2,4685.67,1.21
,Bishnupur District ,4353.8,2.923,3573.216,5.87,7935.81,793.58,7142.23,30,10,40.08,606.936,6505.29,0.56
,Churachandpur District,1909.56,14.429,1567.2,28.93,3520.12,352.01,3168.11,75,10,85.23,449,2644.11,2.69
,,,,,,,,,,,,,,
Meghalaya,East Khasi Hills,35359,99.6,1782,23,37263,3726,33537,0,6,6,3576,29961,0.018
,West Garo Hills,51195,629.7,2333,185.7,54343,5434,48909,150,3.55,153.6,5799,42959,0.314
,East Garo Hills,37933,779.7,1167,52.3,39932,3993,35939,0,1.76,1.8,2845,33094,0.005
,Jaintia Hills,30774,353.1,1519,136,32783,3278,29505,0,1.98,2,3672,25832,0.007
,West Khasi Hills,5687,211.5,317,48,6264,626,5637,0,2.03,2,3575,2063,0.036
,Ri-Bhoi,5015,401.4,300,0,5716,572,5144,0,1.25,1.3,2465,2680,0.024
,South Garo Hills,1634,69,35,10,1748,175,1573,0,0.67,0.7,1312,261,0.043
,,,,,,,,,,,,,,
Mizoram,Aizawl ,242,Negligible,69,Negligible,311,31,280,0,21,21,83,198,7.46
,Champhai ,473,Negligible,223,Negligible,696,70,626,0,16,16,23,603,2.54
,Kolasib,384,Negligible,40,Negligible,424,42,382,0,8,8,17,364,2.07
,Lawngtalai,537,Negligible,42,Negligible,579,58,521,0,9,9,28,493,1.64
,Lunglei,196,Negligible,22,Negligible,218,22,196,0,23,23,27,169,11.93
,Mamit,289,Negligible,36,Negligible,325,33,293,0,7,7,21,272,2.41
,Saiha ,255,Negligible,18,Negligible,273,27,246,0,3,3,11,235,1.06
,Serchipp,194,Negligible,17,Negligible,210,21,189,0,10,10,12,177,5.29
,,,,,,,,,,,,,,
Nagaland,Kohima,3198,Negligible,1668,Negligible,4866,487,4379,0,566,566,779,3601,12.9
,Dimapur,16347,Negligible,8529,Negligible,24876,2488,22388,0,851,851,1180,21209,3.8
,Phek,2297,Negligible,1198,Negligible,3495,350,3146,0,239,239,277,2868,7.6
,Mokokchung,4134,Negligible,2157,Negligible,6291,629,5662,0,286,286,287,5375,5.1
,Zunheboto,1638,Negligible,854,Negligible,2492,249,2243,0,206,206,207,2036,9.2
,Wokha,3418,Negligible,1783,Negligible,5201,520,4681,0,243,243,255,4426,5.2
,Tuensang,7594,Negligible,3962,Negligible,11556,1156,10400,0,642,642,699,9701,6.2
,Mon,1849,Negligible,965,Negligible,2814,281,2533,0,366,366,368,2165,14.5
,,,,,,,,,,,,,,
Orissa,Angul,37078,4312,1645,5795,48830,2753,46077,12388,3493,15881,4509,29180,34
,Balasore,78853,13281,4808,19543,116485,6422,110063,52195,5742,57937,8401,49467,53
,Bargarh,38893,4556,1127,4261,48837,2783,46054,8607,3293,11900,3797,33650,26
,Bhadrak,26200,8525,1862,11629,48216,2807,45409,23995,2663,26658,3418,17996,59
,Bolangir,45972,5958,3265,5599,60794,3138,57656,10045,3091,13136,3421,44191,23
,Boudh,14105,7742,1930,6123,29900,2061,27839,4698,910,5608,1265,21876,20
,Cuttack,38608,12326,2430,22353,75717,5001,70716,20774,6089,26863,7620,42322,38
,Deogarh,13351,4256,0,4566,22173,1544,20629,2657,664,3321,949,17023,16
,Dhenkanal,36582,3574,2820,3896,46872,2608,44264,8724,2797,11521,3340,32200,26
,Gajapati,10985,3549,5802,3673,24009,1339,22670,5081,1140,6221,1302,16286,27
,Ganjam,52792,33115,21513,15650,123070,8529,114541,27508,7334,34842,9475,77558,30
,Jagatsinghpur,20734,9595,2328,16026,48683,3654,45029,21234,1970,23204,2463,21332,52
,Jajpur,39472,4761,7385,8786,60404,3471,56933,25515,2190,27705,2999,28419,49
,Jharsuguda,14605,1572,0,1600,17777,986,16791,3590,1563,5153,1757,11444,31
,Kalahandi,49321,15576,0,15088,79985,5074,74911,10619,4312,14931,9644,54648,20
,Kandhamal,46661,5696,16364,5610,74331,4065,70266,7071,1776,8847,2530,60665,13
,Kendrapara,5926,4318,179,7282,17705,924,16781,8917,673,9590,830,7034,57
,Keonjhar,67852,5920,4720,7605,86097,4774,81323,18894,4395,23289,4787,57642,29
,Khurda,27948,7316,8884,6639,50787,3169,47618,10478,5227,15705,7673,29467,33
,Koraput,56710,7072,4249,5587,73618,4501,69117,3362,3409,6771,3905,61850,10
,Malkangiri,25865,5111,1091,3824,35891,2293,33598,1858,1330,3188,1853,29887,9
,Mayurbhanj,87685,31446,10090,29333,158554,10360,148194,37272,6469,43741,8384,102538,30
,Nabarangapur,46035,1724,3824,1615,53198,2720,50478,4606,2986,7592,6630,39242,15
,Nayagarh,25801,6297,6747,6714,45559,2877,42682,8293,2056,10349,2489,31900,24
,Nuapada,25491,5113,0,5314,35918,2232,33686,5511,1522,7033,3262,24913,21
,Puri,35384,7829,11480,8202,62895,4089,58806,9039,3259,12298,4136,45631,21
,Rayagada,42949,10007,7779,9408,70143,4462,65681,6944,2774,9718,3161,55576,15
,Sambalpur,34746,10749,0,10989,56484,3964,52520,5941,2594,8535,3181,43398,16
,Subarnapur,17161,2348,607,2531,22647,1218,21429,2970,1273,4243,1606,16853,20
,Sundergarh,65419,9060,0,7621,82100,4775,77325,12471,4628,17099,5389,59465,22
,,,,,,,,,,,,,,
Punjab,Amritsar,31831,73083,8390,23767,137072,13707,123365,217150,5008,222158,7810,-101596,180
,Barnala,12058,34679,2239,16512,65488,6549,58939,118878,1254,120132,1839,-61778,204
,Bathinda,27051,37913,5030,41144,111138,9458,101681,118446,3005,121452,4500,-21266,119
,Faridkot,12575,35926,2187,17158,67846,6785,61061,95603,1943,97546,1943,-36485,160
,Fateh Garh Sahib,16209,30474,3685,9542,59910,5991,53919,111180,2076,113256,2702,-59963,210
,Ferozepur,40799,114703,8670,46442,210614,21061,189552,275576,3375,278951,4989,-91013,147
,Gurdaspur,57702,92053,15253,31224,196232,18612,177621,219741,6637,226378,9313,-51433,127
,Hoshiarpur,48029,27202,12219,11075,98525,8752,89774,87047,4917,91963,6248,-3522,102
,Jalandhar,36096,61810,8341,24282,130529,13053,117476,267002,4729,271731,6813,-156339,231
,Kapurthala,21559,38424,5914,7458,73355,7335,66019,150588,3900,154488,4693,-89261,234
,Ludhiana,48155,110670,10141,62300,231265,23127,208139,336828,11229,348057,16442,-145131,167
,Mansa,17834,35437,3586,20529,77386,7739,69647,144741,13,144754,13,-75107,208
,Moga,21876,77174,4277,30642,133969,13397,120572,242148,1802,243949,2378,-123953,202
,Muktsar,20934,28256,3921,33460,86571,8657,77914,51625,2460,54085,2460,23829,69
,Nawan Shahr,20248,28986,4971,15512,69718,6972,62746,70742,1515,72256,1887,-9883,115
,Patiala,44007,79988,9392,32670,166056,16606,149451,288631,4348,292979,6675,-145855,196
,Ropar,18731,13350,4327,9215,45623,3794,41829,43775,2384,46159,3191,-5136,110
,Mohali,19496,4665,4263,2113,30538,3054,27484,23576,4618,28194,5535,-1626,103
,Sangrur,40154,76431,9016,19456,145057,14506,130551,366396,3031,369427,4445,-240290,283
,Tarn Taran,27149,62516,7297,19040,116002,11600,104402,187566,2664,190230,4217,-87381,182
,,,,,,,,,,,,,,
Rajasthan,Ajmer,27610,1489,0,6412,35511,3305,32206,41547,4691,46238,4691,0,144
,Alwar,57442,3380,7575,11154,79551,6382,73169,121552,9566,131118,9595,399,179
,Banswara,10540,1050,0,14171,25761,2696,23066,9231,1961,11192,2853,10982,49
,Baran,36263,5759,279,9666,51967,4804,47163,52596,3938,56534,4475,5562,120
,Barmer,25196,622,0,1435,27253,2524,24729,23901,6766,30666,6847,2117,124
,Bharatpur,36864,2580,1672,8134,49250,4314,44936,45839,6378,52218,6569,396,116
,Bhilwara,33176,2310,0,10945,46431,4476,41955,50198,3980,54178,3980,0,129
,Bikaner,24004,235,0,1026,25265,1263,24001,25867,8374,34241,9033,4011,143
,Bundi,22293,2754,0,17217,42265,5970,36295,33669,2711,36380,3472,5328,100
,Chittorgarh,25898,1833,0,7546,35276,3417,31860,43227,1379,44606,1379,0,140
,Churu,14101,0,0,0,14101,705,13395,9445,2408,11854,4398,3096,88
,Dausa,21700,1186,343,3145,26373,2620,23753,37886,2487,40374,2487,0,170
,Dholpur,21430,1383,0,5499,28312,2382,25930,30706,2526,33233,2576,1596,128
,Dungarpur,7986,1211,0,4906,14103,1291,12812,8396,882,9278,4416,0,72
,Ganganagar,2711,14301,669,23118,40798,4080,36719,15617,545,16163,1033,20068,44
,Hanumangarh,2954,6950,316,12429,22649,2265,20384,15716,705,16421,1107,3561,81
,Jaipur ,58832,2331,3333,6742,71238,6685,64552,108111,25686,133797,25733,979,207
,Jaisalmer,6721,16,0,55,6792,633,6159,9356,2893,12249,2961,1874,199
,Jalore,40787,1114,0,4383,46285,4086,42200,77952,4090,82042,4191,969,194
,Jhalawar,36546,1968,0,5657,44171,2948,41223,47601,1583,49183,1940,479,119
,Jhunjhunu,21173,213,3498,1466,26350,2350,24000,45604,8571,54175,8604,330,226
,Jodhpur,38126,656,2139,2031,42952,4239,38713,73164,10415,83579,11303,4761,216
,Karauli,31897,1162,0,4254,37313,3617,33697,41177,5064,46241,4984,1239,137
,Kota,31458,3089,0,22142,56689,5359,51330,42097,4891,46988,6251,7776,92
,Nagaur,51178,517,4161,2219,58075,5649,52426,81186,17893,99079,18953,4120,189
,Pali,27262,848,0,4749,32859,3229,29630,31436,2747,34184,3048,959,115
,Pratapgarh,11064,926,0,3532,15521,1436,14086,16884,597,17481,982,399,124
,Rajsamand,8495,786,0,2592,11873,1187,10686,10270,1525,11795,1525,63,110
,Sawai Madhopur,33916,1499,0,4222,39636,3594,36042,37408,7947,45355,8375,209,126
,Sikar,26968,294,4006,880,32148,3037,29111,37052,5842,42894,6238,972,147
,Sirohi,26211,878,0,3249,30338,2854,27485,29952,1108,31061,1484,1126,113
,Tonk,36225,2834,0,9294,48353,4459,43894,35745,7635,43380,9104,1841,99
,Udaipur,21242,1433,0,6010,28685,3394,25291,22931,3195,26125,3946,450,103
,,,,,,,,,,,,,,
Sikkim,North,-,-,-,-,-,-,236,27,62,89,67,142,38
,South,-,-,-,-,-,-,1336,89,210,299,247,1001,22
,East,-,-,-,-,-,-,782,77,400,477,489,216,61
,West,-,-,-,-,-,-,2062,81,189,269,219,1763,13
,,,,,,,,,,,,,,
Tamil Nadu,Ariyalur,14374,15999,1851,2772,34996,3500,31497,13793,2359,16152,2506,15198,51
,Chennai,1228,844,84,851,3007,301,2707,,6125,6125,6961,-4255,226
,Coimbatore ,22784,10007,5971,9995,48757,4876,43881,44920,5695,50615,5338,-6376,115
,Cuddalore,55022,70431,7592,4409,137454,13745,123708,49902,56774,106676,57188,16619,86
,Dharmapuri,18693,15364,3936,3767,41760,4176,37584,47799,1931,49730,2191,-12406,132
,Dindigul,23317,15306,6732,14261,59617,5962,53656,61267,2408,63675,2745,-10356,119
,Erode,17229,47984,4619,7505,77336,7734,69603,58656,6512,65168,6986,3961,94
,Kanchipuram,37896,62020,3830,13504,117250,11725,105525,63840,5579,69419,8940,32746,66
,Kanniyakumari,2533,18039,9783,3473,33829,3383,30446,4257,1486,5743,1623,24566,19
,Karur,13116,15136,4249,3414,35914,3591,32323,27922,1942,29864,2207,2194,92
,Krishnagiri,19842,11431,5029,3135,39437,3944,35494,45189,1954,47144,2782,-12478,133
,Madurai,14420,45407,4475,8885,73186,7319,65868,36412,1615,38027,1836,27620,58
,Nagapattinam,8026,7311,1001,1347,17684,1768,15916,15168,1121,16288,1274,-525,102
,Namakkal,14872,31112,3820,4832,54637,5464,49173,41563,2421,43984,1915,5695,89
,Nilgiri,10390,139,2583,104,13216,1322,11894,545,587,1131,625,10724,10
,Perambalur,8992,8970,2578,2530,23069,2307,20762,27053,1024,28076,1118,-7408,135
,Pudukkottai,78395,52619,13699,14296,159009,15901,143108,29139,2299,31438,2427,111542,22
,Ramanathapuram,26400,32551,8191,8712,75854,7585,68268,4856,3115,7970,3540,59872,12
,Salem,24115,19454,5155,9450,58174,5817,52356,80527,5105,85632,2866,-31037,164
,Sivagangai,26386,58885,6826,17446,109543,10954,98589,14120,1596,15716,1782,82687,16
,Thanjavur,32512,40275,5469,9416,87673,8767,78905,79511,2421,81933,2752,-3358,104
,Theni,9217,14943,8315,7211,39686,3969,35718,28804,1973,30778,2104,4809,86
,Thiruvallur,28054,48973,2042,1864,80933,8093,72840,28804,20485,49289,21133,22902,68
,Thoothukudi,17598,29460,6071,7377,60507,6051,54456,19506,4030,23536,4565,30385,43
,Tirunelveli,21648,63404,9167,4482,98702,9870,88832,48721,2941,51662,3262,36849,58
,Tiruppur,19141,14243,5060,10805,49250,4925,44325,52448,3801,56248,3676,-11799,127
,Tiruvarur,14476,12448,1977,4410,33311,3331,29980,20077,1343,21420,1527,8376,71
,Tirvannamalai,40015,66707,5000,9760,121482,12148,109334,87993,4444,92437,4972,16369,85
,Trichy,22721,45849,5931,6121,80622,8062,72560,49777,7339,57115,2727,20056,79
,Vellore,26695,29555,4974,4643,65867,6587,59280,53833,8311,62144,9304,-3857,105
,Villupuram,51439,100300,6558,8178,166475,16648,149828,148243,5691,153935,6453,-4869,103
,Virudhunagar,16818,22390,6888,8925,55021,5502,49519,32236,1950,34186,2481,14802,69
,,,,,,,,,,,,,,
Tripura,West Tripura ,48816,0,21602,25363,95781,8084,87697,7134,3104,10238,8463,72100,12
,South Tripura ,37250,0,21170,17420,75840,7027,68813,1980,1725,3705,5622,61211,5
,North Tripura,20457,0,15954,9242,45653,3613,42039,174,1366,1540,4073,37792,4
,Dhalai ,18277,0,15317,7797,41390,4139,37251,30,745,775,1800,35421,2
,,,,,,,,,,,,,,
Uttar Pradesh,Agra,48347,12250,6827,23124,90549,8335,82214,87858,5693,93551,9317,5192,114
,Aligarh,50778,13115,7430,24593,95916,9108,86808,65379,5920,71299,9842,12409,82
,Allahabad,74231,23835,0,25782,123848,6317,117531,83812,11320,95132,15587,21956,81
,Ambedkar Nagar,47963,24800,10664,24983,108410,5420,102989,53578,5016,58595,7932,41479,57
,Amethi,54563,23534,3287,29977,111360,10580,100781,63720,5286,69006,8841,28220,68
,Amroha (J P Nagar),46911,8080,6880,12072,73944,7394,66549,69268,2878,72146,5033,4314,108
,Auraiya,28211,12461,0,26951,67624,3381,64242,41471,2777,44249,3954,18817,69
,Azamgarh,69175,23619,16826,30234,139854,6993,132861,73309,13186,86495,23148,37525,65
,Baghapat,29823,6355,0,12872,49050,3681,45369,42401,2199,44600,3598,934,98
,Bahraich,95364,5868,5581,10979,117793,10243,107549,52440,6798,59238,12951,42159,55
,Ballia,47366,15753,10390,20126,93634,4682,88953,52184,6739,58924,10707,26062,66
,Balrampur,73415,5612,0,10331,89359,4468,84891,38075,4219,42294,5583,41232,50
,Banda,53101,9729,0,8661,71491,3945,67546,34094,2804,36898,3926,29526,55
,Barabanki,91221,38900,18426,70014,218560,10928,207632,126319,7211,133529,10714,70599,64
,Bareilly,135274,22746,0,32447,190467,16071,174396,97066,6785,103851,10476,66853,60
,Basti.,68119,12767,14739,14931,110557,9512,101044,74544,4831,79375,7291,19209,79
,Bijnor,113990,9571,12418,14144,150124,12605,137519,87228,5524,92752,9402,45971,67
,Budaun,85934,10064,9611,16806,122415,11037,111378,88593,5799,94392,8359,17042,85
,Bulandshahar,61151,35717,7471,62993,167331,15466,151866,118443,5953,124396,8403,26314,82
,Chandauli,36585,22595,0,16261,75441,3772,71669,22954,4298,27251,8868,39848,38
,Chitrakoot,23836,1162,0,1492,26490,1995,24495,14043,2155,16197,4206,7586,66
,Deoria,64979,12674,9515,19333,106500,5325,101175,71517,7505,79022,10006,19652,78
,Etah,32177,12040,5513,21601,71331,7133,64198,53131,3550,56682,5638,6878,88
,Etawah,36418,13401,2330,25666,77814,3891,73924,31472,2522,33995,3276,39175,46
,Faizabad,43060,13025,9073,15620,80778,8078,72700,41401,3810,45211,4731,26568,62
,Farrukhabad,42839,6295,4413,11604,65151,3258,61894,46022,3394,49417,5225,10647,80
,Fatehpur,67645,21328,0,30810,119784,8255,111528,100681,5500,106181,9581,4085,95
,Firozabad,35467,13865,5719,25338,80390,7344,73046,81486,4055,85541,7144,5266,117
,G.B.Nagar,19100,8500,2796,20515,50911,5091,45820,39872,2772,42644,3134,3944,93
,Ghaziabad,13444,5484,1730,10938,31596,1580,30016,24457,7109,31567,12456,2452,105
,Ghazipur,61401,25380,11594,34249,132624,7539,125085,77844,7770,85615,12708,34970,68
,Gonda,79389,9364,18395,16039,123187,6159,117028,75828,6834,82662,9582,31618,71
,Gorakhpur,121911,12732,30277,20613,185533,9277,176256,88964,7181,96145,13661,73632,55
,Hamirpur,31678,5400,7263,12448,56788,5253,51535,30091,2952,33042,4944,16732,64
,Hapur,21638,7009,2631,13209,44488,4449,40039,32979,2670,35649,3645,5045,89
,Hardoi,94150,39799,7540,49433,190921,9546,181375,116701,7579,124280,11907,52767,69
,Hathras,24475,12004,3954,22089,62522,5041,57482,45783,2802,48585,3871,10278,85
,Jalaun,71566,28678,9862,84756,194862,9743,185119,48576,4395,52971,6333,130211,29
,Jaunpur,70473,26135,0,39515,136123,11816,124306,101176,9427,110604,15990,14904,89
,Jhansi,36077,4246,7258,16940,64522,3226,61296,37904,3802,41706,4380,19012,68
,Kannauj,34481,9287,3845,20444,68057,3403,64654,39804,3238,43042,4635,24210,67
,Kanpur Dehat,53789,14055,0,23613,91458,4573,86885,55181,3793,58974,5565,26139,68
,Kanpur Nagar,48714,11846,0,22374,82934,4147,78787,56225,10375,66601,24734,0,85
,Kasganj,27819,12595,4718,18766,63898,5807,58090,55147,2658,57805,4206,4026,100
,Kaushambhi,37495,7631,1472,8897,55494,5549,49945,42184,3298,45482,5051,6575,91
,Kushi Nagar,89472,32475,11618,41692,175257,8763,166495,71076,7644,78720,14300,81120,47
,Lakhimpur Kheri,144565,37590,39274,78139,299568,14978,284590,169197,8240,177437,15233,100160,62
,Lalitpur,27587,4824,5604,13695,51709,2585,49124,27215,3056,30271,3512,18397,62
,Lucknow,37945,11883,0,17872,67700,3385,64315,39879,4232,44110,8375,16062,69
,Maharajganj,56730,20125,14733,26478,118066,5903,112163,63577,5760,69337,10069,38516,62
,Mahoba,13128,1222,0,3614,17965,1796,16168,16639,1496,18135,2675,23,112
,Mainpuri,43035,16922,7561,32565,100084,8501,91583,74933,3612,78546,5280,14890,86
,Mathura,40265,24647,7051,44494,116457,11646,104812,92384,4003,96387,6190,22239,92
,Maunath Bhanjan,30417,6603,6224,7594,50838,2542,48296,29635,4125,33759,7289,11372,70
,Meerut,47580,27422,5742,45769,126513,11353,115160,77433,3381,80814,4636,33560,70
,Mirzapur,39704,11376,0,12274,63354,5535,57819,30919,5150,36070,10388,16889,62
,Moradabad,56377,12133,6964,15468,90941,8245,82697,65493,4668,70161,7744,13956,85
,Muzaffarnagar,51273,17292,9560,30232,108357,10218,98139,60527,4718,65246,7644,36019,66
,Pilibhit,90623,18995,0,26764,136382,12452,123930,76128,3846,79974,6034,41768,65
,Pratapgarh,72982,16173,12766,20501,122422,6778,115645,128377,34556,162933,44922,28204,141
,Raebarely,42628,15568,7884,23772,89852,4493,85359,57189,4943,62132,8313,19857,73
,Rampur,47689,10053,5521,14577,77840,7784,70056,70689,4014,74703,7026,7053,107
,Saharanpur,71478,24900,12021,37966,146365,13284,133081,171402,5523,176925,8804,0,133
,Sambhal,45853,7644,5124,12481,71103,7110,63993,65636,4095,69732,6459,1718,109
,Sant Kabeer Nagar,50201,6318,12692,8673,77885,6683,71202,44391,3377,47768,5628,21183,67
,Sant Ravidas Nagar,24920,8916,0,10577,44413,4441,39972,33608,3373,36980,6390,473,93
,Shahjahnpur,103531,15180,10931,20921,150562,13295,137267,76348,5268,81616,7772,53147,59
,Shamli,20672,8905,4384,13102,47063,4706,42357,56694,2636,59331,3841,447,140
,Shrawasti,28955,3416,6988,5875,45234,3124,42110,27376,2239,29615,4315,10419,70
,Siddhrth Nagar,104481,13407,22838,19393,160120,14848,145272,87581,5727,93308,9986,47705,64
,Sitapur,124772,38248,9141,74188,246350,12317,234032,155285,9190,164475,14167,64580,70
,Sonbhadra,18494,3239,0,1420,23153,2047,21106,7620,1480,9100,6706,6780,43
,Sultanpur,52243,27371,2932,32534,115081,10539,104541,70793,5300,76092,9222,24526,73
,Unnao,92496,35570,7583,56837,192486,17043,175443,108387,6163,114550,10001,57054,65
,Varanasi,37096,7270,0,9628,53994,5399,48595,36338,5590,41928,11852,3402,86
,,,,,,,,,,,,,,
Uttaranchal,Dehradun,28304,1344,5185,1782,36614,156,36458,4292,215,4507,4061,28105,12
,Hardwar,22058,15348,5932,30839,74177,3074,71103,38104,1411,39515,2294,30705,56
,Nainital,7713,546,1176,983,10418,76,10341,4369,87,4456,241,5731,43
,Udham Singh Nagar,51388,8455,7703,15279,82825,1187,81639,63566,1271,64837,2747,15326,79
,,,,,,,,,,,,,,
West Bengal,Malda,98062,26189,8413,21102,153766,13854,139912,49349,6129,55478,9423,81140,40
,Nadia,101137,45261,17298,44931,208627,17533,191095,168092,7923,176016,10348,12654,92
,Kochbihar,186567,72428,4735,11049,274778,27478,247301,37722,4327,42049,5827,203752,17
,North 24 Parganas,101900,29335,7576,23718,162530,14959,147570,78061,14044,92104,18559,50951,62
,Dakshin Dinajpur,72030,19662,6151,17206,115049,11505,103544,45253,2562,47814,3276,55015,46
,Uttar Dinajpur,123119,31595,7188,23230,185131,13839,171293,74202,4600,78802,7237,89853,46
,Bankura,91833,27820,20483,29169,169305,15568,153736,56995,4586,61581,7181,89560,40
,Purulia,46951,13027,7942,4650,72569,6612,65957,1456,4489,5944,6220,58281,9
,Jalpaiguri,204758,61381,3840,11850,281830,28183,253647,7132,4278,11410,5751,240764,4
,Barddhaman,185096,52724,12416,32365,282601,24719,257882,82336,9383,91719,15393,160154,36
,Murshidabad,135790,44175,17016,45125,242107,19848,222259,165522,9871,175392,16623,40114,79
,Birbhum,76316,20237,7257,14917,118728,11049,107679,32297,3825,36121,7537,67846,34
,Howrah,14807,5416,1165,6865,28254,1879,26375,4561,2149,6710,5507,16307,25
,Darjeeling,37197,10226,871,1279,49573,4957,44616,799,1436,2235,1956,41861,5
,Hoogly,91552,26354,6476,22506,146888,13994,132895,52750,7038,59787,10471,69674,45
,Paschim Medinipur,231961,70757,11561,38487,352767,32843,319924,95196,7714,102910,12536,212193,32
,Purba Medinipur,53801,15030,1902,9873,80606,8061,72545,20226,2960,23186,4216,48102,32
,,,,,,,,,,,,,,
Andaman and Nicobar Island,Andaman Nicobar,26183,Nil,4621,Nil,30804,2156,28648,63,1208,1271,1375,27209,4.44
,,,,,,,,,,,,,,
Chandigarh,Chandigarh UT,1545,62,488,61,2156,216,1940,0,0,0,,,0
,,,,,,,,,,,,,,
Dadra And Nagar Haveli,UT of Dadra & Nagar Haveli,4265,347,941,663,6216,311,5905,724,563,1287,997,4185,22
,,,,,,,,,,,,,,
Daman and Diu,Daman,978,122,0,159,1259,63,1196,938,125,1063,235,23,89
,Diu,458,31,0,61,550,55,495,509,68,577,80,0,117
,,,,,,,,,,,,,,
Lakshadweep,Agatti,-,-,-,-,108,72,35,,28,28,-,-,78
,Amini,-,-,-,-,103,69,34,,28,28,-,-,82
,Androth,-,-,-,-,193,130,62,,41,41,-,-,66
,Chetlat,-,-,-,-,41,28,14,,9,9,-,-,63
,Kadmat,-,-,-,-,124,83,41,,20,20,-,-,48
,Kalpeni,-,-,-,-,91,61,30,,16,16,-,-,54
,Kiltan,-,-,-,-,65,43,22,,14,14,-,-,67
,Kavaratti,-,-,-,-,144,96,48,,41,41,-,-,85
,Minicoy,-,-,-,-,186,122,64,,38,38,-,-,59
,,,,,,,,,,,,,,
Pondicherry,Puducherry,6561,1925,575,2337,11398,1140,10258,11838,2392,14230,2732,-,139
,Karaikal,2090,4047,241,880,7258,729,6529,537,388,924,353,5642,14
,Mahe,246,0,24,0,270,27,243,0,150,150,154,89,62
,Yanam,saline,,,,,,,,,,,,
