"Country Code","Country","State Code","State","District","Arsenic breached","Chloride breached","Floride breached","EC breached","Iron  breached","Nitrate breached"
"01","INDIA","02","ANDHRA PRADESH","ADILABAD","NO","NO","YES","NO","YES","YES"
"01","INDIA","02","ANDHRA PRADESH","ANANTHAPUR","NO","NO","NO","YES","NO","NO"
"01","INDIA","02","ANDHRA PRADESH","CHITTOOR","NO","NO","NO","NO","NO","NO"
"01","INDIA","02","ANDHRA PRADESH","CUDDAPAH","NO","NO","NO","NO","NO","NO"
"01","INDIA","02","ANDHRA PRADESH","EAST GODAVARI","NO","NO","NO","NO","NO","NO"
"01","INDIA","02","ANDHRA PRADESH","GUNTUR","NO","NO","NO","NO","NO","NO"
"01","INDIA","02","ANDHRA PRADESH","HYDERABAD","NO","NO","NO","NO","NO","NO"
"01","INDIA","02","ANDHRA PRADESH","KARIMNAGAR","NO","NO","NO","NO","NO","NO"
"01","INDIA","02","ANDHRA PRADESH","KHAMMAM","NO","NO","NO","NO","NO","NO"
"01","INDIA","02","ANDHRA PRADESH","KRISHNA","NO","NO","NO","NO","NO","NO"
"01","INDIA","02","ANDHRA PRADESH","KURNOOL","NO","NO","NO","YES","NO","NO"
"01","INDIA","02","ANDHRA PRADESH","MAHABUBNAGAR","NO","NO","NO","NO","NO","NO"
"01","INDIA","02","ANDHRA PRADESH","MEDAK","NO","NO","NO","NO","NO","NO"
"01","INDIA","02","ANDHRA PRADESH","NALGONDA","NO","NO","NO","NO","NO","NO"
"01","INDIA","02","ANDHRA PRADESH","NELLORE","NO","NO","NO","NO","NO","NO"
"01","INDIA","02","ANDHRA PRADESH","NIZAMABAD","NO","NO","NO","NO","NO","NO"
"01","INDIA","02","ANDHRA PRADESH","PRAKASAM","NO","NO","NO","NO","NO","NO"
"01","INDIA","02","ANDHRA PRADESH","RANGA REDDY","NO","NO","NO","NO","NO","NO"
"01","INDIA","02","ANDHRA PRADESH","SRIKAKULAM","NO","NO","NO","NO","NO","NO"
"01","INDIA","02","ANDHRA PRADESH","VISHAKHAPATNAM","NO","NO","NO","NO","NO","NO"
"01","INDIA","02","ANDHRA PRADESH","VIZIANAGARAM","NO","NO","NO","NO","NO","NO"
"01","INDIA","02","ANDHRA PRADESH","WARANGAL","NO","NO","NO","NO","NO","NO"
"01","INDIA","02","ANDHRA PRADESH","WEST GODAVARI","NO","NO","NO","NO","NO","NO"
"01","INDIA","04","ASSAM","BARPETA","NO","NO","NO","NO","NO","NO"
"01","INDIA","04","ASSAM","BONGAIGAON","NO","NO","NO","NO","NO","NO"
"01","INDIA","04","ASSAM","CACHAR","NO","NO","NO","NO","YES","NO"
"01","INDIA","04","ASSAM","DARRANG","NO","NO","NO","NO","NO","NO"
"01","INDIA","04","ASSAM","DHEMAJI","YES","NO","NO","NO","NO","NO"
"01","INDIA","04","ASSAM","DHUBRI","NO","NO","NO","NO","NO","NO"
"01","INDIA","04","ASSAM","DIBRUGARH","NO","NO","NO","NO","NO","NO"
"01","INDIA","04","ASSAM","GOALPARA","NO","NO","YES","NO","NO","NO"
"01","INDIA","04","ASSAM","GOLAGHAT","NO","NO","NO","NO","NO","NO"
"01","INDIA","04","ASSAM","HAILAKANDI","NO","NO","NO","NO","NO","NO"
"01","INDIA","04","ASSAM","JORHAT","NO","NO","NO","NO","NO","NO"
"01","INDIA","04","ASSAM","KAMRUP","NO","NO","NO","NO","NO","NO"
"01","INDIA","04","ASSAM","KARBI ANALOG","NO","NO","NO","NO","NO","NO"
"01","INDIA","04","ASSAM","KARIMGANJ","NO","NO","NO","NO","NO","NO"
"01","INDIA","04","ASSAM","KOKRAJHAR","NO","NO","NO","NO","NO","NO"
"01","INDIA","04","ASSAM","LAKHIMPUR","NO","NO","NO","NO","NO","NO"
"01","INDIA","04","ASSAM","MORIGAON","NO","NO","NO","NO","NO","NO"
"01","INDIA","04","ASSAM","NAGAON","NO","NO","NO","NO","NO","NO"
"01","INDIA","04","ASSAM","NALBARI","NO","NO","NO","NO","NO","NO"
"01","INDIA","04","ASSAM","SIBSAGAR","NO","NO","NO","NO","NO","NO"
"01","INDIA","04","ASSAM","SONITPUR","NO","NO","NO","NO","NO","NO"
"01","INDIA","04","ASSAM","TINSUKIA","NO","NO","NO","NO","NO","NO"
"01","INDIA","05","BIHAR","ARARIYA","NO","NO","NO","NO","NO","NO"
"01","INDIA","05","BIHAR","AURANGABAD","NO","NO","YES","NO","YES","YES"
"01","INDIA","05","BIHAR","BANKA","NO","NO","NO","NO","NO","NO"
"01","INDIA","05","BIHAR","BEGUSARAI","YES","NO","NO","NO","NO","NO"
"01","INDIA","05","BIHAR","BHAGALPUR","NO","NO","NO","NO","NO","NO"
"01","INDIA","05","BIHAR","BHOJPUR","NO","NO","NO","NO","NO","NO"
"01","INDIA","05","BIHAR","BUXAR","NO","NO","NO","NO","NO","NO"
"01","INDIA","05","BIHAR","DRABHANGA","NO","NO","NO","NO","NO","NO"
"01","INDIA","05","BIHAR","GAYA","NO","NO","NO","NO","NO","NO"
"01","INDIA","05","BIHAR","GOPALGANJ","NO","NO","NO","NO","NO","NO"
"01","INDIA","05","BIHAR","JAMUI","NO","NO","NO","NO","NO","NO"
"01","INDIA","05","BIHAR","JAHANABAD","NO","NO","NO","NO","NO","NO"
"01","INDIA","05","BIHAR","KAIMUR","NO","NO","NO","NO","NO","NO"
"01","INDIA","05","BIHAR","KATIHAR","NO","NO","NO","NO","NO","NO"
"01","INDIA","05","BIHAR","KHAGARIA","NO","NO","NO","NO","NO","NO"
"01","INDIA","05","BIHAR","KISHANGANJ","NO","NO","NO","NO","NO","NO"
"01","INDIA","05","BIHAR","LAKHISARAI","NO","NO","NO","NO","NO","NO"
"01","INDIA","05","BIHAR","MADHEPURA","NO","NO","NO","NO","NO","NO"
"01","INDIA","05","BIHAR","MADUBANI","NO","NO","NO","NO","NO","NO"
"01","INDIA","05","BIHAR","MUNGER","YES","NO","NO","NO","NO","NO"
"01","INDIA","05","BIHAR","MUZAFFARPUR","NO","NO","NO","NO","NO","NO"
"01","INDIA","05","BIHAR","NALANDA","NO","NO","NO","NO","NO","NO"
"01","INDIA","05","BIHAR","NAWADA","NO","NO","NO","NO","NO","NO"
"01","INDIA","05","BIHAR","PACHIM CHAMPARAN","NO","NO","NO","NO","NO","NO"
"01","INDIA","05","BIHAR","PATNA","NO","NO","NO","NO","NO","NO"
"01","INDIA","05","BIHAR","PURBA CHAMPARAN","NO","NO","NO","NO","NO","NO"
"01","INDIA","05","BIHAR","PURNIA","NO","NO","NO","NO","NO","NO"
"01","INDIA","05","BIHAR","ROHTAS","NO","NO","NO","NO","NO","NO"
"01","INDIA","05","BIHAR","SAHARSA","NO","NO","NO","NO","NO","NO"
"01","INDIA","05","BIHAR","SAMASTIPUR","NO","NO","NO","NO","NO","NO"
"01","INDIA","05","BIHAR","SARAN","NO","NO","NO","NO","NO","NO"
"01","INDIA","05","BIHAR","SHEIKHPURA","NO","NO","NO","NO","NO","NO"
"01","INDIA","05","BIHAR","SHEOHAR","NO","NO","NO","NO","NO","NO"
"01","INDIA","05","BIHAR","SITAMARHI","NO","NO","NO","NO","NO","NO"
"01","INDIA","05","BIHAR","SIWAN","NO","NO","NO","NO","NO","NO"
"01","INDIA","05","BIHAR","SUPAUL","NO","NO","NO","NO","NO","NO"
"01","INDIA","05","BIHAR","VAISHALI","NO","NO","NO","NO","NO","NO"
"01","INDIA","07","CHHATTISGARH","BASTAR","NO","NO","YES","NO","YES","YES"
"01","INDIA","07","CHHATTISGARH","BILASPUR","NO","NO","NO","NO","NO","NO"
"01","INDIA","07","CHHATTISGARH","DHAMTARI","NO","NO","NO","NO","NO","NO"
"01","INDIA","07","CHHATTISGARH","DURG","NO","NO","NO","NO","NO","NO"
"01","INDIA","07","CHHATTISGARH","JANJGIR_CHAMPA","NO","NO","NO","NO","NO","NO"
"01","INDIA","07","CHHATTISGARH","JASHPUR","NO","NO","NO","NO","NO","NO"
"01","INDIA","07","CHHATTISGARH","KANKER","NO","NO","NO","NO","NO","NO"
"01","INDIA","07","CHHATTISGARH","KAWARDHA","NO","NO","NO","NO","NO","NO"
"01","INDIA","07","CHHATTISGARH","KORBA","NO","NO","NO","NO","NO","NO"
"01","INDIA","07","CHHATTISGARH","KOREA","NO","NO","NO","NO","NO","NO"
"01","INDIA","07","CHHATTISGARH","MAHASAMUND","NO","NO","NO","NO","NO","NO"
"01","INDIA","07","CHHATTISGARH","RAIGARH","NO","NO","NO","NO","NO","NO"
"01","INDIA","07","CHHATTISGARH","RAIPUR","NO","NO","NO","NO","NO","NO"
"01","INDIA","07","CHHATTISGARH","RAJNANDGAON","YES","NO","NO","NO","NO","NO"
"01","INDIA","07","CHHATTISGARH","SURGUJA","NO","NO","NO","NO","NO","NO"
"01","INDIA","10","DELHI","CENTRAL DELHI","NO","NO","NO","NO","NO","NO"
"01","INDIA","10","DELHI","EAST DELHI","NO","NO","NO","NO","NO","NO"
"01","INDIA","10","DELHI","NEW DELHI","NO","NO","NO","NO","NO","NO"
"01","INDIA","10","DELHI","NORTH DELHI","NO","NO","NO","NO","NO","NO"
"01","INDIA","10","DELHI","NORTH EAST DELHI","NO","NO","NO","NO","NO","NO"
"01","INDIA","10","DELHI","NORTH WEST DELHI","NO","YES","NO","YES","NO","NO"
"01","INDIA","10","DELHI","SOUTH DELHI","NO","NO","NO","NO","NO","NO"
"01","INDIA","10","DELHI","SOUTH WEST DELHI","NO","NO","NO","NO","NO","NO"
"01","INDIA","10","DELHI","WEST DELHI","NO","NO","NO","NO","NO","NO"
"01","INDIA","11","GOA","NORTH GOA","NO","NO","NO","NO","YES","YES"
"01","INDIA","11","GOA","SOUTH GOA","NO","NO","NO","NO","NO","NO"
"01","INDIA","12","GUJARAT","AHMADABAD","NO","NO","NO","NO","NO","NO"
"01","INDIA","12","GUJARAT","AMRELI","NO","NO","NO","NO","NO","NO"
"01","INDIA","12","GUJARAT","ANAND","NO","NO","NO","NO","NO","NO"
"01","INDIA","12","GUJARAT","BANASKANTHA","NO","NO","NO","NO","NO","NO"
"01","INDIA","12","GUJARAT","BHARUCH","NO","NO","NO","NO","NO","NO"
"01","INDIA","12","GUJARAT","BHAVNAGAR","NO","NO","NO","NO","NO","NO"
"01","INDIA","12","GUJARAT","DAMAN","NO","NO","NO","NO","NO","NO"
"01","INDIA","12","GUJARAT","DAHOD","NO","NO","NO","NO","NO","NO"
"01","INDIA","12","GUJARAT","DUI","NO","NO","NO","NO","NO","NO"
"01","INDIA","12","GUJARAT","GANDHINAGAR","NO","NO","NO","NO","NO","NO"
"01","INDIA","12","GUJARAT","JAMNAGAR","NO","NO","NO","NO","NO","NO"
"01","INDIA","12","GUJARAT","JUNAGARH","NO","NO","NO","NO","NO","NO"
"01","INDIA","12","GUJARAT","KACHCHH","NO","NO","NO","NO","NO","NO"
"01","INDIA","12","GUJARAT","KHERA","NO","NO","NO","NO","NO","NO"
"01","INDIA","12","GUJARAT","MAHESANA","NO","NO","NO","NO","NO","NO"
"01","INDIA","12","GUJARAT","NARMADA","NO","NO","NO","NO","NO","NO"
"01","INDIA","12","GUJARAT","NAVSARI","NO","NO","NO","NO","NO","NO"
"01","INDIA","12","GUJARAT","PANCHMAHAL","NO","NO","NO","NO","NO","NO"
"01","INDIA","12","GUJARAT","PATAN","NO","NO","NO","NO","NO","NO"
"01","INDIA","12","GUJARAT","PORBANDAR","NO","NO","NO","YES","NO","NO"
"01","INDIA","12","GUJARAT","RAJKOT","NO","NO","NO","NO","NO","NO"
"01","INDIA","12","GUJARAT","SABAR KANTHA","NO","NO","NO","NO","NO","NO"
"01","INDIA","12","GUJARAT","SURAT","NO","NO","NO","NO","NO","NO"
"01","INDIA","12","GUJARAT","SURENDRANAGAR","NO","NO","NO","NO","NO","NO"
"01","INDIA","12","GUJARAT","THE DANGS","NO","NO","NO","NO","NO","NO"
"01","INDIA","12","GUJARAT","VADODARA","NO","NO","YES","NO","NO","YES"
"01","INDIA","12","GUJARAT","VALSAD","NO","NO","NO","NO","NO","NO"
"01","INDIA","13","HARYANA","AMBALA","NO","NO","NO","NO","YES","YES"
"01","INDIA","13","HARYANA","BHIWANI","NO","YES","YES","YES","NO","NO"
"01","INDIA","13","HARYANA","FARIDABAD","NO","NO","NO","NO","NO","NO"
"01","INDIA","13","HARYANA","FATEHABAD","NO","NO","NO","NO","NO","NO"
"01","INDIA","13","HARYANA","GURGAON","NO","NO","NO","NO","NO","NO"
"01","INDIA","13","HARYANA","HISAR","NO","NO","NO","NO","NO","NO"
"01","INDIA","13","HARYANA","JHAJJAR","NO","YES","NO","NO","NO","NO"
"01","INDIA","13","HARYANA","JIND","NO","NO","NO","NO","NO","NO"
"01","INDIA","13","HARYANA","KAITHAL","NO","NO","NO","NO","NO","NO"
"01","INDIA","13","HARYANA","KARNAL","NO","NO","NO","NO","NO","NO"
"01","INDIA","13","HARYANA","KURUKSHETRA","NO","NO","NO","NO","NO","NO"
"01","INDIA","13","HARYANA","MAHENDRAGARH","NO","YES","NO","NO","NO","NO"
"01","INDIA","13","HARYANA","PANCHKULA","NO","NO","NO","NO","NO","NO"
"01","INDIA","13","HARYANA","PANIPAT","NO","NO","NO","NO","NO","NO"
"01","INDIA","13","HARYANA","REWARI","NO","NO","NO","NO","NO","NO"
"01","INDIA","13","HARYANA","ROHTAK","NO","NO","NO","NO","NO","NO"
"01","INDIA","13","HARYANA","SIRSA","NO","NO","NO","NO","NO","NO"
"01","INDIA","13","HARYANA","SONIPAT","NO","NO","NO","NO","NO","NO"
"01","INDIA","13","HARYANA","YAMUNANAGAR","NO","NO","NO","NO","NO","NO"
"01","INDIA","14","HIMACHAL PRADESH","HAMIRPUR","NO","NO","NO","NO","NO","NO"
"01","INDIA","14","HIMACHAL PRADESH","KANGRA","NO","NO","NO","NO","NO","NO"
"01","INDIA","14","HIMACHAL PRADESH","KULLU","NO","NO","NO","NO","NO","NO"
"01","INDIA","14","HIMACHAL PRADESH","MANDI","NO","NO","NO","YES","NO","NO"
"01","INDIA","14","HIMACHAL PRADESH","SIRMAUR","NO","NO","NO","NO","NO","NO"
"01","INDIA","14","HIMACHAL PRADESH","SOLAN","NO","NO","NO","NO","NO","NO"
"01","INDIA","14","HIMACHAL PRADESH","UNA","NO","NO","NO","NO","NO","YES"
"01","INDIA","15","JAMMU AND KASHMIR","ANANTNAG","NO","NO","NO","NO","NO","NO"
"01","INDIA","15","JAMMU AND KASHMIR","BADGAM","NO","NO","NO","NO","NO","NO"
"01","INDIA","15","JAMMU AND KASHMIR","BARAMULA","NO","NO","NO","NO","YES","NO"
"01","INDIA","15","JAMMU AND KASHMIR","JAMMU","NO","NO","NO","NO","NO","YES"
"01","INDIA","15","JAMMU AND KASHMIR","KATHUA","NO","NO","NO","NO","NO","NO"
"01","INDIA","15","JAMMU AND KASHMIR","KUPWARA","NO","NO","NO","NO","NO","NO"
"01","INDIA","15","JAMMU AND KASHMIR","PULWAMA","NO","NO","NO","NO","NO","NO"
"01","INDIA","15","JAMMU AND KASHMIR","RAJAURI","NO","NO","YES","NO","NO","NO"
"01","INDIA","15","JAMMU AND KASHMIR","SRINAGAR","NO","NO","NO","NO","NO","NO"
"01","INDIA","15","JAMMU AND KASHMIR","UDHAMPUR","NO","NO","NO","NO","NO","NO"
"01","INDIA","16","JHARKHAND","BOKARO","NO","NO","YES","NO","NO","NO"
"01","INDIA","16","JHARKHAND","CHATRA","NO","NO","NO","NO","YES","YES"
"01","INDIA","16","JHARKHAND","DEVGARH","NO","NO","NO","NO","NO","NO"
"01","INDIA","16","JHARKHAND","DHANBAD","NO","NO","NO","NO","NO","NO"
"01","INDIA","16","JHARKHAND","DUMKA","NO","NO","NO","NO","NO","NO"
"01","INDIA","16","JHARKHAND","GARHWA","NO","NO","NO","NO","NO","NO"
"01","INDIA","16","JHARKHAND","GIRIDIH","NO","NO","NO","NO","NO","NO"
"01","INDIA","16","JHARKHAND","GOODA","NO","NO","NO","NO","NO","NO"
"01","INDIA","16","JHARKHAND","GUMLA","NO","NO","NO","NO","NO","NO"
"01","INDIA","16","JHARKHAND","HAZARIBAGH","NO","NO","NO","NO","NO","NO"
"01","INDIA","16","JHARKHAND","KODARMA","NO","NO","NO","NO","NO","NO"
"01","INDIA","16","JHARKHAND","LOHARDAGA","NO","NO","NO","NO","NO","NO"
"01","INDIA","16","JHARKHAND","PAKUR","NO","NO","NO","NO","NO","NO"
"01","INDIA","16","JHARKHAND","PALAMU","NO","NO","NO","NO","NO","NO"
"01","INDIA","16","JHARKHAND","PASCHIM SINGHBHUMI","NO","NO","NO","NO","NO","NO"
"01","INDIA","16","JHARKHAND","PURBI SINGHBHUM","NO","NO","NO","NO","NO","NO"
"01","INDIA","16","JHARKHAND","RANCHI","NO","NO","NO","NO","NO","NO"
"01","INDIA","16","JHARKHAND","SAHEBGANJ","NO","NO","NO","NO","NO","NO"
"01","INDIA","17","KARNATAKA","BAGALKOT","NO","YES","YES","YES","YES","YES"
"01","INDIA","17","KARNATAKA","BANGALORE RURAL","NO","NO","NO","NO","NO","NO"
"01","INDIA","17","KARNATAKA","BANGLORE URBAN","NO","NO","NO","NO","NO","NO"
"01","INDIA","17","KARNATAKA","BELGAUM","NO","NO","NO","NO","NO","NO"
"01","INDIA","17","KARNATAKA","BELLARY","NO","NO","NO","NO","NO","NO"
"01","INDIA","17","KARNATAKA","BIDAR","NO","NO","NO","NO","NO","NO"
"01","INDIA","17","KARNATAKA","BIJAPUR","NO","NO","NO","YES","NO","NO"
"01","INDIA","17","KARNATAKA","CHAMARAJANAGAR","NO","NO","NO","NO","NO","NO"
"01","INDIA","17","KARNATAKA","CHIKMAGALUR","NO","NO","NO","NO","NO","NO"
"01","INDIA","17","KARNATAKA","CHITRADURGA","NO","NO","NO","NO","NO","NO"
"01","INDIA","17","KARNATAKA","DAKSHIN KANNADA","NO","NO","NO","NO","NO","NO"
"01","INDIA","17","KARNATAKA","DAVANGERE","NO","NO","NO","NO","NO","NO"
"01","INDIA","17","KARNATAKA","DHARWAD","NO","NO","NO","NO","NO","NO"
"01","INDIA","17","KARNATAKA","GADAG","NO","NO","NO","YES","NO","NO"
"01","INDIA","17","KARNATAKA","GULBARGA","NO","NO","NO","NO","NO","NO"
"01","INDIA","17","KARNATAKA","HASSAN","NO","NO","NO","NO","NO","NO"
"01","INDIA","17","KARNATAKA","HAVERI","NO","NO","NO","NO","NO","NO"
"01","INDIA","17","KARNATAKA","KODAGU","NO","NO","NO","NO","NO","NO"
"01","INDIA","17","KARNATAKA","KOLAR","NO","NO","NO","NO","NO","NO"
"01","INDIA","17","KARNATAKA","KOPPAL","NO","NO","NO","NO","NO","NO"
"01","INDIA","17","KARNATAKA","MANDHYA","NO","NO","NO","NO","NO","NO"
"01","INDIA","17","KARNATAKA","MYSORE","NO","NO","NO","NO","NO","NO"
"01","INDIA","17","KARNATAKA","RAICHUR","NO","NO","NO","NO","NO","NO"
"01","INDIA","17","KARNATAKA","SHIMOGA","NO","NO","NO","NO","NO","NO"
"01","INDIA","17","KARNATAKA","TUMKUR","NO","NO","NO","NO","NO","NO"
"01","INDIA","17","KARNATAKA","UDUPI","NO","NO","NO","NO","NO","NO"
"01","INDIA","17","KARNATAKA","UTTAR KANNADA","NO","NO","NO","NO","NO","NO"
"01","INDIA","18","KERALA","ALAPPUZHA","NO","NO","NO","NO","YES","YES"
"01","INDIA","18","KERALA","ERNAKULAM","NO","NO","NO","NO","NO","NO"
"01","INDIA","18","KERALA","IDUKKI","NO","NO","NO","NO","NO","NO"
"01","INDIA","18","KERALA","KANNUR","NO","NO","NO","NO","NO","NO"
"01","INDIA","18","KERALA","KASARGOD","NO","NO","NO","NO","NO","NO"
"01","INDIA","18","KERALA","KOLLAM","NO","NO","NO","NO","NO","NO"
"01","INDIA","18","KERALA","KOTTYAM","NO","NO","NO","NO","NO","NO"
"01","INDIA","18","KERALA","KOZIKOD","NO","NO","NO","NO","NO","NO"
"01","INDIA","18","KERALA","MALAPPURAM","NO","NO","NO","NO","NO","NO"
"01","INDIA","18","KERALA","PALAKKAD","NO","NO","YES","YES","NO","NO"
"01","INDIA","18","KERALA","PATTANAMITTIA","NO","NO","NO","NO","NO","NO"
"01","INDIA","18","KERALA","THIRUVANANTHPURAM","NO","NO","NO","NO","NO","NO"
"01","INDIA","18","KERALA","TRISHUR","NO","NO","NO","NO","NO","NO"
"01","INDIA","18","KERALA","WAYANAD","NO","NO","NO","NO","NO","NO"
"01","INDIA","20","MADHYA PRADESH","BALAGHAT","NO","NO","NO","NO","YES","NO"
"01","INDIA","20","MADHYA PRADESH","BARWANI","NO","NO","NO","NO","NO","NO"
"01","INDIA","20","MADHYA PRADESH","BETUL","NO","NO","NO","NO","NO","NO"
"01","INDIA","20","MADHYA PRADESH","BHIND","NO","NO","YES","YES","NO","NO"
"01","INDIA","20","MADHYA PRADESH","BHOPAL","NO","NO","NO","NO","NO","NO"
"01","INDIA","20","MADHYA PRADESH","CHHATARPUR","NO","NO","NO","NO","NO","NO"
"01","INDIA","20","MADHYA PRADESH","CHHINDWARA","NO","NO","NO","NO","NO","NO"
"01","INDIA","20","MADHYA PRADESH","DAMOH","NO","NO","NO","NO","NO","NO"
"01","INDIA","20","MADHYA PRADESH","DATIA","NO","NO","NO","NO","NO","NO"
"01","INDIA","20","MADHYA PRADESH","DEWAS","NO","NO","NO","NO","NO","NO"
"01","INDIA","20","MADHYA PRADESH","DHAR","NO","NO","NO","NO","NO","NO"
"01","INDIA","20","MADHYA PRADESH","DINDORI","NO","NO","NO","NO","NO","NO"
"01","INDIA","20","MADHYA PRADESH","EAST NIMAR","NO","NO","NO","NO","NO","NO"
"01","INDIA","20","MADHYA PRADESH","GUNA","NO","NO","NO","NO","NO","NO"
"01","INDIA","20","MADHYA PRADESH","GWALIOR","NO","NO","NO","NO","NO","NO"
"01","INDIA","20","MADHYA PRADESH","HARDA","NO","NO","NO","NO","NO","NO"
"01","INDIA","20","MADHYA PRADESH","HOSHANGABAD","NO","NO","NO","NO","NO","NO"
"01","INDIA","20","MADHYA PRADESH","INDORE","NO","NO","NO","NO","NO","NO"
"01","INDIA","20","MADHYA PRADESH","JABALPUR","NO","NO","NO","NO","NO","NO"
"01","INDIA","20","MADHYA PRADESH","JHABUA","NO","NO","NO","NO","NO","NO"
"01","INDIA","20","MADHYA PRADESH","KATNI","NO","NO","NO","NO","NO","NO"
"01","INDIA","20","MADHYA PRADESH","MANDLA","NO","NO","NO","NO","NO","NO"
"01","INDIA","20","MADHYA PRADESH","MANDSAUR","NO","NO","NO","NO","NO","NO"
"01","INDIA","20","MADHYA PRADESH","MORENA","NO","NO","NO","NO","NO","NO"
"01","INDIA","20","MADHYA PRADESH","NARSHIMAPURA","NO","NO","NO","NO","NO","NO"
"01","INDIA","20","MADHYA PRADESH","NIMACH","NO","NO","NO","NO","NO","NO"
"01","INDIA","20","MADHYA PRADESH","PANNA","NO","NO","NO","NO","NO","NO"
"01","INDIA","20","MADHYA PRADESH","RAISEN","NO","NO","NO","NO","NO","NO"
"01","INDIA","20","MADHYA PRADESH","RAJGARH","NO","NO","NO","NO","NO","NO"
"01","INDIA","20","MADHYA PRADESH","RATLAM","NO","NO","NO","NO","NO","NO"
"01","INDIA","20","MADHYA PRADESH","REWA","NO","NO","NO","NO","NO","NO"
"01","INDIA","20","MADHYA PRADESH","SAGAR","NO","NO","NO","NO","NO","NO"
"01","INDIA","20","MADHYA PRADESH","SATNA","NO","NO","NO","NO","NO","NO"
"01","INDIA","20","MADHYA PRADESH","SEHORE","NO","NO","NO","NO","NO","NO"
"01","INDIA","20","MADHYA PRADESH","SEONI","NO","NO","NO","NO","NO","NO"
"01","INDIA","20","MADHYA PRADESH","SHAHDOL","NO","NO","NO","NO","NO","NO"
"01","INDIA","20","MADHYA PRADESH","SHAJAPUR","NO","NO","NO","NO","NO","NO"
"01","INDIA","20","MADHYA PRADESH","SHEOPUR","NO","NO","NO","NO","NO","NO"
"01","INDIA","20","MADHYA PRADESH","SHIVPURI","NO","NO","NO","NO","NO","NO"
"01","INDIA","20","MADHYA PRADESH","SIDHI","NO","NO","NO","NO","NO","NO"
"01","INDIA","20","MADHYA PRADESH","TIKAMGARH","NO","NO","NO","NO","NO","NO"
"01","INDIA","20","MADHYA PRADESH","UJJAIN","NO","NO","NO","NO","NO","NO"
"01","INDIA","20","MADHYA PRADESH","UMARIA","NO","NO","NO","NO","NO","NO"
"01","INDIA","20","MADHYA PRADESH","VIDESHA","NO","NO","NO","NO","NO","NO"
"01","INDIA","20","MADHYA PRADESH","WEST NIMAR","NO","NO","NO","NO","NO","NO"
"01","INDIA","21","MAHARASHTRA","AHMADNAGAR","NO","NO","NO","NO","YES","YES"
"01","INDIA","21","MAHARASHTRA","AKOLA","NO","NO","NO","YES","NO","NO"
"01","INDIA","21","MAHARASHTRA","AMARAVATI","NO","NO","YES","NO","NO","NO"
"01","INDIA","21","MAHARASHTRA","AURANGABAD","NO","NO","NO","NO","NO","NO"
"01","INDIA","21","MAHARASHTRA","BID","NO","NO","NO","NO","NO","NO"
"01","INDIA","21","MAHARASHTRA","BHANDARA","NO","NO","NO","NO","NO","NO"
"01","INDIA","21","MAHARASHTRA","BULDHANA","NO","NO","NO","NO","NO","NO"
"01","INDIA","21","MAHARASHTRA","CHANDRAPUR","NO","NO","NO","NO","NO","NO"
"01","INDIA","21","MAHARASHTRA","DHULE","NO","NO","NO","NO","NO","NO"
"01","INDIA","21","MAHARASHTRA","GADCHIROLI","NO","NO","NO","NO","NO","NO"
"01","INDIA","21","MAHARASHTRA","GONDIYA","NO","NO","NO","NO","NO","NO"
"01","INDIA","21","MAHARASHTRA","HINGOLI","NO","NO","NO","NO","NO","NO"
"01","INDIA","21","MAHARASHTRA","JALGAON","NO","NO","NO","YES","NO","NO"
"01","INDIA","21","MAHARASHTRA","JALNA","NO","NO","NO","NO","NO","NO"
"01","INDIA","21","MAHARASHTRA","KOLHAPUR","NO","NO","NO","NO","NO","NO"
"01","INDIA","21","MAHARASHTRA","LATUR","NO","NO","NO","NO","NO","NO"
"01","INDIA","21","MAHARASHTRA","MUMBAI CITY","NO","NO","NO","NO","NO","NO"
"01","INDIA","21","MAHARASHTRA","SUBURBAN MUMBAI","NO","NO","NO","NO","NO","NO"
"01","INDIA","21","MAHARASHTRA","NAGPUR","NO","NO","NO","NO","NO","NO"
"01","INDIA","21","MAHARASHTRA","NANDED","NO","NO","NO","NO","NO","NO"
"01","INDIA","21","MAHARASHTRA","NANDURBAR","NO","NO","NO","NO","NO","NO"
"01","INDIA","21","MAHARASHTRA","NASIK","NO","NO","NO","YES","NO","NO"
"01","INDIA","21","MAHARASHTRA","OSMANABAD","NO","NO","NO","NO","NO","NO"
"01","INDIA","21","MAHARASHTRA","PARBHANI","NO","NO","NO","NO","NO","NO"
"01","INDIA","21","MAHARASHTRA","PUNE","NO","NO","NO","NO","NO","NO"
"01","INDIA","21","MAHARASHTRA","RAIGARH","NO","NO","NO","NO","NO","NO"
"01","INDIA","21","MAHARASHTRA","RATNAGIRI","NO","NO","NO","NO","NO","NO"
"01","INDIA","21","MAHARASHTRA","SANGLI","NO","NO","NO","NO","NO","NO"
"01","INDIA","21","MAHARASHTRA","SATARA","NO","NO","NO","NO","NO","NO"
"01","INDIA","21","MAHARASHTRA","SINDHUDURG","NO","NO","NO","NO","NO","NO"
"01","INDIA","21","MAHARASHTRA","SOLAPUR","NO","NO","NO","NO","NO","NO"
"01","INDIA","21","MAHARASHTRA","THANE","NO","NO","NO","NO","NO","NO"
"01","INDIA","21","MAHARASHTRA","WARDHA","NO","NO","NO","NO","NO","NO"
"01","INDIA","21","MAHARASHTRA","WASHIM","NO","NO","NO","NO","NO","NO"
"01","INDIA","21","MAHARASHTRA","YAVATMAL","NO","NO","NO","NO","NO","NO"
"01","INDIA","22","MANIPUR","CHANDEL","NO","NO","NO","NO","NO","NO"
"01","INDIA","22","MANIPUR","CHURACHANDPUR","NO","NO","NO","NO","NO","NO"
"01","INDIA","22","MANIPUR","IMPHAL EAST","NO","NO","NO","NO","NO","NO"
"01","INDIA","22","MANIPUR","THOUBAL","NO","NO","NO","NO","NO","NO"
"01","INDIA","23","MEGHALAYA","EAST GARO HILLS","NO","NO","NO","NO","YES","NO"
"01","INDIA","23","MEGHALAYA","EAST KHASI HILLS","NO","NO","NO","NO","NO","NO"
"01","INDIA","23","MEGHALAYA","JAINTIA HILLS","NO","NO","NO","NO","NO","NO"
"01","INDIA","23","MEGHALAYA","RI BHOI","NO","NO","NO","NO","NO","NO"
"01","INDIA","23","MEGHALAYA","SOUTH GARO HILLS","NO","NO","NO","NO","NO","NO"
"01","INDIA","23","MEGHALAYA","WEST GARO HILLS","NO","NO","NO","NO","NO","NO"
"01","INDIA","23","MEGHALAYA","WEST KHASI HILLS","NO","NO","NO","NO","NO","NO"
"01","INDIA","26","ORISSA","ANUGUL","NO","NO","YES","NO","NO","YES"
"01","INDIA","26","ORISSA","BALANGIR","NO","NO","NO","NO","NO","NO"
"01","INDIA","26","ORISSA","BALESHWAR","NO","NO","NO","NO","YES","NO"
"01","INDIA","26","ORISSA","BARAGARH","NO","NO","NO","NO","NO","NO"
"01","INDIA","26","ORISSA","BAUDA","NO","NO","NO","NO","NO","NO"
"01","INDIA","26","ORISSA","BHADRAK","NO","NO","NO","NO","NO","NO"
"01","INDIA","26","ORISSA","CUTTACK","NO","NO","NO","NO","NO","NO"
"01","INDIA","26","ORISSA","DEOGARH","NO","NO","NO","NO","NO","NO"
"01","INDIA","26","ORISSA","DHENKANAL","NO","NO","NO","NO","NO","NO"
"01","INDIA","26","ORISSA","GAJAPATHI","NO","NO","NO","NO","NO","NO"
"01","INDIA","26","ORISSA","GANJAM","NO","NO","NO","NO","NO","NO"
"01","INDIA","26","ORISSA","JAGATSINGHAPUR","NO","YES","NO","YES","NO","NO"
"01","INDIA","26","ORISSA","JAJAPUR","NO","NO","NO","NO","NO","NO"
"01","INDIA","26","ORISSA","JHARSUGUDA","NO","NO","NO","NO","NO","NO"
"01","INDIA","26","ORISSA","KALAHANDI","NO","NO","NO","NO","NO","NO"
"01","INDIA","26","ORISSA","KANDHAMAL","NO","NO","NO","NO","NO","NO"
"01","INDIA","26","ORISSA","KENDRAPARHA","NO","NO","NO","NO","NO","NO"
"01","INDIA","26","ORISSA","KENDUJHAR","NO","NO","NO","NO","NO","NO"
"01","INDIA","26","ORISSA","KHORDHA","NO","NO","NO","NO","YES","NO"
"01","INDIA","26","ORISSA","KORAPUT","NO","NO","NO","NO","NO","NO"
"01","INDIA","26","ORISSA","MALKANGIRI","NO","NO","NO","NO","NO","NO"
"01","INDIA","26","ORISSA","MAYURBHANJ","NO","NO","NO","NO","NO","NO"
"01","INDIA","26","ORISSA","NABARANGAPUR","NO","NO","NO","NO","NO","NO"
"01","INDIA","26","ORISSA","NAYAGARH","NO","NO","NO","NO","NO","NO"
"01","INDIA","26","ORISSA","NUAPARHA","NO","NO","NO","NO","NO","NO"
"01","INDIA","26","ORISSA","PURI","NO","NO","NO","NO","NO","NO"
"01","INDIA","26","ORISSA","RAYAGARHA","NO","NO","NO","NO","NO","NO"
"01","INDIA","26","ORISSA","SAMBALPUR","NO","NO","NO","NO","NO","NO"
"01","INDIA","26","ORISSA","SONAPUR","NO","NO","NO","NO","NO","NO"
"01","INDIA","26","ORISSA","SUNDARGARH","NO","NO","NO","NO","NO","NO"
"01","INDIA","28","PUNJAB","AMRITSAR","NO","NO","YES","NO","NO","YES"
"01","INDIA","28","PUNJAB","BATHINDA","NO","NO","NO","NO","NO","NO"
"01","INDIA","28","PUNJAB","FARIDKOT","NO","NO","NO","NO","NO","NO"
"01","INDIA","28","PUNJAB","FATEHGARH SAHIB","NO","NO","NO","NO","NO","NO"
"01","INDIA","28","PUNJAB","FIROZPUR","NO","NO","NO","NO","NO","NO"
"01","INDIA","28","PUNJAB","GURDASPUR","NO","NO","NO","NO","NO","NO"
"01","INDIA","28","PUNJAB","HOSHIARPUR","NO","NO","NO","NO","NO","NO"
"01","INDIA","28","PUNJAB","JALANDHAR","NO","NO","NO","NO","NO","NO"
"01","INDIA","28","PUNJAB","KAPURTHALA","NO","NO","NO","NO","NO","NO"
"01","INDIA","28","PUNJAB","LUDHIANA","NO","NO","NO","NO","NO","NO"
"01","INDIA","28","PUNJAB","MANSA","NO","NO","NO","NO","NO","NO"
"01","INDIA","28","PUNJAB","MOGA","NO","NO","NO","NO","NO","NO"
"01","INDIA","28","PUNJAB","MUKTSAR","NO","NO","NO","NO","NO","NO"
"01","INDIA","28","PUNJAB","NAWASHAHR","NO","NO","NO","NO","NO","NO"
"01","INDIA","28","PUNJAB","PATIALA","NO","NO","NO","NO","NO","NO"
"01","INDIA","28","PUNJAB","RUPNAGAR","NO","NO","NO","NO","NO","NO"
"01","INDIA","28","PUNJAB","SANGRUR","NO","NO","NO","YES","NO","NO"
"01","INDIA","29","RAJASTHAN","AJMER","NO","NO","YES","YES","YES","YES"
"01","INDIA","29","RAJASTHAN","ALWAR","NO","NO","NO","NO","NO","NO"
"01","INDIA","29","RAJASTHAN","BANSWARA","NO","NO","NO","NO","NO","NO"
"01","INDIA","29","RAJASTHAN","BARAN","NO","NO","NO","NO","NO","NO"
"01","INDIA","29","RAJASTHAN","BARMER","NO","YES","NO","NO","NO","NO"
"01","INDIA","29","RAJASTHAN","BHARATPUR","NO","NO","NO","NO","NO","NO"
"01","INDIA","29","RAJASTHAN","BHILWARA","NO","NO","NO","NO","NO","NO"
"01","INDIA","29","RAJASTHAN","BIKANER","NO","NO","NO","NO","NO","NO"
"01","INDIA","29","RAJASTHAN","BUNDI","NO","NO","NO","NO","NO","NO"
"01","INDIA","29","RAJASTHAN","CHITTAURGARH","NO","NO","NO","NO","NO","NO"
"01","INDIA","29","RAJASTHAN","CHURU","NO","NO","NO","NO","NO","NO"
"01","INDIA","29","RAJASTHAN","DAUSA","NO","NO","NO","NO","NO","NO"
"01","INDIA","29","RAJASTHAN","DHOLPUR","NO","NO","NO","NO","NO","NO"
"01","INDIA","29","RAJASTHAN","DUNGARPUR","NO","NO","NO","NO","NO","NO"
"01","INDIA","29","RAJASTHAN","GANGANAGAR","NO","NO","NO","NO","NO","NO"
"01","INDIA","29","RAJASTHAN","HANUMANGARH","NO","NO","NO","NO","NO","NO"
"01","INDIA","29","RAJASTHAN","JAIPUR","NO","NO","NO","NO","NO","NO"
"01","INDIA","29","RAJASTHAN","JAISELMER","NO","NO","NO","NO","NO","NO"
"01","INDIA","29","RAJASTHAN","JALOR","NO","NO","NO","NO","NO","NO"
"01","INDIA","29","RAJASTHAN","JHALAWAR","NO","NO","NO","NO","NO","NO"
"01","INDIA","29","RAJASTHAN","JHUNJHUNUN","NO","NO","NO","NO","NO","NO"
"01","INDIA","29","RAJASTHAN","JODHPUR","NO","NO","NO","NO","NO","NO"
"01","INDIA","29","RAJASTHAN","KARAULI","NO","NO","NO","NO","YES","NO"
"01","INDIA","29","RAJASTHAN","KOTA","NO","NO","NO","NO","NO","NO"
"01","INDIA","29","RAJASTHAN","NAGAUR","NO","NO","NO","NO","NO","NO"
"01","INDIA","29","RAJASTHAN","PALI","NO","NO","NO","NO","NO","NO"
"01","INDIA","29","RAJASTHAN","PRATAPGARH","NO","NO","NO","NO","NO","NO"
"01","INDIA","29","RAJASTHAN","RAJSMAND","NO","NO","NO","NO","NO","NO"
"01","INDIA","29","RAJASTHAN","SWAIMADHOPUR","NO","NO","NO","NO","NO","NO"
"01","INDIA","29","RAJASTHAN","SIKAR","NO","NO","NO","NO","NO","NO"
"01","INDIA","29","RAJASTHAN","SIROHI","NO","NO","NO","NO","NO","NO"
"01","INDIA","29","RAJASTHAN","TONK","NO","NO","NO","NO","NO","NO"
"01","INDIA","29","RAJASTHAN","UDAIPUR","NO","NO","NO","NO","NO","NO"
"01","INDIA","31","TAMIL NADU","CHENNAI","NO","YES","NO","NO","NO","YES"
"01","INDIA","31","TAMIL NADU","COIMBATORE","NO","NO","YES","YES","NO","NO"
"01","INDIA","31","TAMIL NADU","CUDDALORE","NO","YES","NO","NO","NO","NO"
"01","INDIA","31","TAMIL NADU","DHARAMPURI","NO","NO","NO","YES","NO","NO"
"01","INDIA","31","TAMIL NADU","DINDIGUL","NO","NO","NO","NO","NO","NO"
"01","INDIA","31","TAMIL NADU","ERODE","NO","NO","NO","NO","NO","NO"
"01","INDIA","31","TAMIL NADU","KANCHIPURAM","NO","NO","NO","NO","NO","NO"
"01","INDIA","31","TAMIL NADU","KANYAKUMARI","NO","NO","NO","NO","NO","NO"
"01","INDIA","31","TAMIL NADU","KARUR","NO","NO","NO","NO","NO","NO"
"01","INDIA","31","TAMIL NADU","MADURAI","NO","NO","NO","NO","NO","NO"
"01","INDIA","31","TAMIL NADU","NAGAPATTINAM","NO","NO","NO","NO","NO","NO"
"01","INDIA","31","TAMIL NADU","NAMAKKAL","NO","NO","NO","NO","YES","NO"
"01","INDIA","31","TAMIL NADU","NILGIRI","NO","NO","NO","NO","NO","NO"
"01","INDIA","31","TAMIL NADU","PERAMBALUR","NO","NO","NO","NO","NO","NO"
"01","INDIA","31","TAMIL NADU","PUDUKKOTTAI","NO","NO","NO","NO","NO","NO"
"01","INDIA","31","TAMIL NADU","RAMANATHAPURAM","NO","NO","NO","NO","NO","NO"
"01","INDIA","31","TAMIL NADU","SALEM","NO","NO","NO","NO","NO","NO"
"01","INDIA","31","TAMIL NADU","SIVAGANGA","NO","NO","NO","NO","NO","NO"
"01","INDIA","31","TAMIL NADU","THANJAVUR","NO","NO","NO","NO","NO","NO"
"01","INDIA","31","TAMIL NADU","TENI","NO","NO","NO","NO","NO","NO"
"01","INDIA","31","TAMIL NADU","TIRUVANNAMALAI","NO","NO","NO","NO","NO","NO"
"01","INDIA","31","TAMIL NADU","TIRUNELVELI","NO","NO","NO","NO","NO","NO"
"01","INDIA","31","TAMIL NADU","TIRUVALLUR","NO","NO","NO","NO","NO","NO"
"01","INDIA","31","TAMIL NADU","THIRUVARUR","NO","NO","NO","NO","NO","NO"
"01","INDIA","31","TAMIL NADU","TIRUCHIRAPPALLI","NO","NO","NO","NO","NO","NO"
"01","INDIA","31","TAMIL NADU","TUTICORIN","NO","NO","NO","NO","NO","NO"
"01","INDIA","31","TAMIL NADU","VELLORE","NO","NO","NO","YES","NO","NO"
"01","INDIA","31","TAMIL NADU","VILLUPURAM","NO","NO","NO","NO","NO","NO"
"01","INDIA","31","TAMIL NADU","VIRUDHUNAGAR","NO","NO","NO","NO","NO","NO"
"01","INDIA","33","TRIPURA","DHALAI","NO","NO","NO","NO","YES","NO"
"01","INDIA","33","TRIPURA","NORTH TRIPURA","NO","NO","NO","NO","NO","NO"
"01","INDIA","33","TRIPURA","SOUTH TRIPURA","NO","NO","NO","NO","NO","NO"
"01","INDIA","33","TRIPURA","WEST TRIPURA","NO","NO","NO","NO","NO","NO"
"01","INDIA","35","UTTARPRADESH","AGRA","YES","NO","YES","YES","NO","YES"
"01","INDIA","35","UTTARPRADESH","ALIGARH","NO","NO","NO","NO","NO","NO"
"01","INDIA","35","UTTARPRADESH","ALLAHABAD","NO","NO","NO","NO","NO","NO"
"01","INDIA","35","UTTARPRADESH","AMBEDKARNAGAR","NO","NO","NO","NO","NO","NO"
"01","INDIA","35","UTTARPRADESH","AURAIYA","NO","NO","NO","NO","NO","NO"
"01","INDIA","35","UTTARPRADESH","AZAMGARH","NO","NO","NO","NO","YES","NO"
"01","INDIA","35","UTTARPRADESH","BAGHPAT","NO","NO","NO","NO","NO","NO"
"01","INDIA","35","UTTARPRADESH","BAHRAICH","NO","NO","NO","NO","NO","NO"
"01","INDIA","35","UTTARPRADESH","BALLIA","NO","NO","NO","NO","NO","NO"
"01","INDIA","35","UTTARPRADESH","BALRAMPUR","NO","NO","NO","NO","NO","NO"
"01","INDIA","35","UTTARPRADESH","BANDA","NO","NO","NO","NO","NO","NO"
"01","INDIA","35","UTTARPRADESH","BARABANKI","NO","NO","NO","NO","NO","NO"
"01","INDIA","35","UTTARPRADESH","BAREILLY","NO","NO","NO","NO","NO","NO"
"01","INDIA","35","UTTARPRADESH","BASTI","NO","NO","NO","NO","NO","NO"
"01","INDIA","35","UTTARPRADESH","BIJNOR","NO","NO","NO","NO","NO","NO"
"01","INDIA","35","UTTARPRADESH","BADAUN","NO","NO","NO","NO","NO","NO"
"01","INDIA","35","UTTARPRADESH","BULANDSAHAR","NO","NO","NO","NO","NO","NO"
"01","INDIA","35","UTTARPRADESH","CHANDAULI","NO","NO","NO","NO","NO","NO"
"01","INDIA","35","UTTARPRADESH","CHITRAKOOT","NO","NO","NO","NO","NO","NO"
"01","INDIA","35","UTTARPRADESH","DEORIA","NO","NO","NO","NO","NO","NO"
"01","INDIA","35","UTTARPRADESH","ETAH","NO","NO","NO","NO","NO","NO"
"01","INDIA","35","UTTARPRADESH","ETAWAH","NO","NO","NO","NO","NO","NO"
"01","INDIA","35","UTTARPRADESH","FAIZABAD","NO","NO","NO","NO","NO","NO"
"01","INDIA","35","UTTARPRADESH","FARRUKHABAD","NO","NO","NO","NO","NO","NO"
"01","INDIA","35","UTTARPRADESH","FATEHPUR","NO","NO","NO","NO","NO","NO"
"01","INDIA","35","UTTARPRADESH","FIROZABAD","NO","NO","NO","NO","NO","NO"
"01","INDIA","35","UTTARPRADESH","GAUTAMBUDHNAGAR","NO","NO","NO","NO","NO","NO"
"01","INDIA","35","UTTARPRADESH","GHAZIABAD","NO","NO","NO","NO","NO","NO"
"01","INDIA","35","UTTARPRADESH","GAZIPUR","NO","NO","NO","NO","NO","NO"
"01","INDIA","35","UTTARPRADESH","GONDA","NO","NO","NO","NO","NO","NO"
"01","INDIA","35","UTTARPRADESH","GORAKHPUR","NO","NO","NO","NO","NO","NO"
"01","INDIA","35","UTTARPRADESH","HAMIRPUR","NO","NO","NO","NO","NO","NO"
"01","INDIA","35","UTTARPRADESH","HARDOI","NO","NO","NO","NO","NO","NO"
"01","INDIA","35","UTTARPRADESH","MAHAMAYANAGAR","NO","NO","NO","NO","NO","NO"
"01","INDIA","35","UTTARPRADESH","JALAUN","NO","NO","NO","NO","NO","NO"
"01","INDIA","35","UTTARPRADESH","JAUNPUR","NO","NO","NO","NO","NO","NO"
"01","INDIA","35","UTTARPRADESH","JHANSI","NO","NO","NO","NO","NO","NO"
"01","INDIA","35","UTTARPRADESH","JYOTIBAPHULE NAGAR","NO","NO","NO","NO","NO","NO"
"01","INDIA","35","UTTARPRADESH","KANNAUJ","NO","NO","NO","NO","NO","NO"
"01","INDIA","35","UTTARPRADESH","KANPUR DEHAT","NO","NO","NO","NO","NO","NO"
"01","INDIA","35","UTTARPRADESH","KANPUR","NO","NO","NO","NO","NO","NO"
"01","INDIA","35","UTTARPRADESH","KAUSHAMBI","NO","NO","NO","NO","NO","NO"
"01","INDIA","35","UTTARPRADESH","KHERI","NO","NO","NO","NO","NO","NO"
"01","INDIA","35","UTTARPRADESH","KUSHINAGAR","NO","NO","NO","NO","NO","NO"
"01","INDIA","35","UTTARPRADESH","LALITPUR","NO","NO","NO","NO","NO","NO"
"01","INDIA","35","UTTARPRADESH","LACKNOW","NO","NO","NO","NO","NO","NO"
"01","INDIA","35","UTTARPRADESH","MAHOBA","NO","NO","NO","NO","NO","NO"
"01","INDIA","35","UTTARPRADESH","MAHARAJGANJ","NO","NO","NO","NO","NO","NO"
"01","INDIA","35","UTTARPRADESH","MAINPURI","NO","NO","NO","NO","NO","NO"
"01","INDIA","35","UTTARPRADESH","MATHURA","NO","NO","NO","NO","NO","NO"
"01","INDIA","35","UTTARPRADESH","MAU","NO","NO","NO","NO","NO","NO"
"01","INDIA","35","UTTARPRADESH","MEERUT","NO","NO","NO","NO","NO","NO"
"01","INDIA","35","UTTARPRADESH","MIRZAPUR","NO","NO","NO","NO","NO","NO"
"01","INDIA","35","UTTARPRADESH","MORADABAD","NO","NO","NO","NO","NO","NO"
"01","INDIA","35","UTTARPRADESH","MUZAFARNAGAR","NO","NO","NO","NO","NO","NO"
"01","INDIA","35","UTTARPRADESH","PILHIBHIT","NO","NO","NO","NO","NO","NO"
"01","INDIA","35","UTTARPRADESH","PRATAPGARH","NO","NO","NO","NO","NO","NO"
"01","INDIA","35","UTTARPRADESH","RAIBEARELI","NO","NO","NO","NO","NO","NO"
"01","INDIA","35","UTTARPRADESH","RAMPUR","NO","NO","NO","NO","NO","NO"
"01","INDIA","35","UTTARPRADESH","SHARANPUR","NO","NO","NO","NO","NO","NO"
"01","INDIA","35","UTTARPRADESH","SANTKABIRNAGAR","NO","NO","NO","NO","NO","NO"
"01","INDIA","35","UTTARPRADESH","SANTRAVIDASNAGAR","NO","NO","NO","NO","NO","NO"
"01","INDIA","35","UTTARPRADESH","SHAHJAHANPUR","NO","NO","NO","NO","NO","NO"
"01","INDIA","35","UTTARPRADESH","SHRAWASTI","NO","NO","NO","NO","NO","NO"
"01","INDIA","35","UTTARPRADESH","SIDDHARTHNAGAR","NO","NO","NO","NO","NO","NO"
"01","INDIA","35","UTTARPRADESH","SITAPUR","NO","NO","NO","NO","NO","NO"
"01","INDIA","35","UTTARPRADESH","SONBHADRA","NO","NO","NO","NO","NO","NO"
"01","INDIA","35","UTTARPRADESH","SULTANPUR","NO","NO","NO","NO","NO","NO"
"01","INDIA","35","UTTARPRADESH","UNNAO","NO","NO","NO","NO","NO","NO"
"01","INDIA","35","UTTARPRADESH","VARANASI","NO","NO","NO","NO","NO","NO"
"01","INDIA","34","UTTARAKHAND","CHAMPAWAT","NO","NO","NO","NO","NO","NO"
"01","INDIA","34","UTTARAKHAND","DEHRADUN","NO","NO","NO","NO","NO","YES"
"01","INDIA","34","UTTARAKHAND","HARIDWAR","NO","NO","NO","NO","NO","NO"
"01","INDIA","34","UTTARAKHAND","NANITAL","NO","NO","NO","NO","NO","NO"
"01","INDIA","34","UTTARAKHAND","UDHAM SINGH NAGAR","NO","NO","NO","NO","NO","NO"
"01","INDIA","36","WEST BENGAL","BANKURA","NO","NO","YES","NO","YES","YES"
"01","INDIA","36","WEST BENGAL","BARDAMAN","NO","NO","NO","NO","NO","NO"
"01","INDIA","36","WEST BENGAL","BIRBHUM","NO","NO","NO","NO","NO","NO"
"01","INDIA","36","WEST BENGAL","DARJEELING","NO","NO","NO","NO","NO","NO"
"01","INDIA","36","WEST BENGAL","EASTMEDNIPUR","NO","NO","NO","NO","NO","NO"
"01","INDIA","36","WEST BENGAL","HAORA","NO","YES","NO","YES","NO","NO"
"01","INDIA","36","WEST BENGAL","HUGLI","NO","NO","NO","NO","NO","NO"
"01","INDIA","36","WEST BENGAL","JALPAIGURI","NO","NO","NO","NO","NO","NO"
"01","INDIA","36","WEST BENGAL","KOCHBIHAR","NO","NO","NO","NO","NO","NO"
"01","INDIA","36","WEST BENGAL","MALDA","NO","NO","NO","NO","NO","NO"
"01","INDIA","36","WEST BENGAL","MURSIDABAD","NO","NO","NO","NO","NO","NO"
"01","INDIA","36","WEST BENGAL","NADIA","NO","NO","NO","NO","NO","NO"
"01","INDIA","36","WEST BENGAL","NORTH 24 PRAGANA","NO","NO","NO","NO","NO","NO"
"01","INDIA","36","WEST BENGAL","UTTAR_DINAJPUR","NO","NO","NO","NO","NO","NO"
"01","INDIA","36","WEST BENGAL","PURULIYA","NO","NO","NO","NO","NO","NO"
"01","INDIA","36","WEST BENGAL","DAKSHIN DINAJPUR","NO","NO","NO","NO","NO","NO"
"01","INDIA","36","WEST BENGAL","SOUTH 24 PARGANAS","NO","NO","NO","NO","NO","NO"
"01","INDIA","36","WEST BENGAL","PASHCHIM MEDINIPUR","NO","NO","NO","NO","NO","NO"
